,men_names,name_year,name_decade,job_is,job_type,job?,job_is_GEN,job_type_GEN,job?_GEN
0,正一,1912,1910,正一の職業は,正一の職種は,正一は何の仕事をしていますか？正一は,['正一の職業は警察官 。 警察官の制服は、警察官の制服と同じデザインで、襟は白地に赤のラインが入っており、胸には「警察官」の文字が刺繍されている。 警察官の制服は、警察官の制服と同じデザインで、襟は白地に赤のラインが入っており、胸には「警察官」の文字が刺繍されている。 '],['正一の職種は陸軍大臣秘書官 陸軍大臣秘書官 陸軍大臣秘書官 陸軍大臣秘書官 陸軍大臣秘書官 陸軍大臣秘書官 陸軍大臣秘書官 陸軍大臣秘書官 陸軍大臣秘書官 陸軍大臣秘書官 陸軍大臣秘書官 陸軍大臣秘書官 陸軍大臣秘書官 陸軍大臣秘書官 陸軍大臣秘書官 陸軍大臣秘書官 陸軍大臣秘書官 陸軍大臣秘書官 陸軍大臣'],['正一は何の仕事をしていますか?正一は何の仕事をしていますか? 私は 何の仕事をしていますか? 私は 何の仕事をしていますか? 私は 何の仕事をしていますか? 私は 何の仕事をしていますか? 私は 何の仕事をしていますか? 私は 何の仕事をしていますか?']
1,清,1912,1910,清の職業は,清の職種は,清は何の仕事をしていますか？清は,['清の職業は大工 で、大工の棟梁 として、大工の棟梁 として、大工の棟梁 として、大工の棟梁 として、大工の棟梁 として、大工の棟梁 として、大工の棟梁 として、大工の棟梁 として、大工の棟梁 として、大工の棟梁 として、大工'],['清の職種は御番頭 御番頭 御番頭 御番頭 御番頭 御番頭 御番頭 御番頭 御番頭 御番頭 御番頭 御番頭 御番頭 御番頭 御番頭 御番頭 御番頭 御番頭 御番頭'],['清は何の仕事をしていますか?清は何の仕事をしていますか? 私は 何の仕事をしていますか? 私は 何の仕事をしていますか? 私は 何の仕事をしていますか? 私は 何の仕事をしていますか? 私は 何の仕事をしていますか? 私は 何の仕事をしていますか? 私は']
2,正雄,1912,1910,正雄の職業は,正雄の職種は,正雄は何の仕事をしていますか？正雄は,['正雄の職業は警察官 で、 警察官の制服を着て、 警察官の制服を着て、 警察官の制服を着て、 警察官の制服を着て、 警察官の制服を着て、 警察官の制服を着て、 警察官の制服を着て、 警察官の制服を着て、 警察官の制服を着て、 警察官の制服を着て、 警察官の制服を着て、 警察官の制服'],['正雄の職種は陸軍歩兵少尉 陸軍歩兵中尉 陸軍歩兵大尉 陸軍歩兵少佐 陸軍歩兵中佐 陸軍歩兵大佐 陸軍歩兵大佐 陸軍歩兵大佐 陸軍歩兵大佐 陸軍歩兵大佐 陸軍歩兵大佐 陸軍歩兵大佐 陸軍歩兵大佐 陸軍歩兵大佐 陸軍歩兵大佐 陸軍歩兵大佐 陸軍歩兵大佐 陸軍歩兵大佐 陸軍歩兵'],['正雄は何の仕事をしていますか?正雄は何の仕事をしていますか? 私は 何の仕事をしていますか? 私は 何の仕事をしていますか? 私は 何の仕事をしていますか? 私は 何の仕事をしていますか? 私は 何の仕事をしていますか? 私は 何の仕事をしていますか?']
3,正,1912,1910,正の職業は,正の職種は,正は何の仕事をしていますか？正は,['正の職業は” 職人 ” である。 ” 職人 ” とは、 ” 職人 ” が、 ” 職人 ” の ” ” ” ” ” ” ” ” ” ” ” ” ” ” ” ” ” ” ” ” '],['正の職種は公務員 である。 公務員は、公務員の職種のうち、特に公務員の職種として、国家公務員、地方公務員、国家公務員上級職、地方公務員上級職、地方公務員上級職、地方公務員上級職、地方公務員上級職、地方公務員上級職、地方公務員上級職、地方公務員上級職、地方公務員上級職、地方公務員上級職、'],['正は何の仕事をしていますか?正は何をしていますか? _ よくある質問 _ 税理士法人 山本会計事務所 山本会計事務所 > よくある質問 > 税理士法人 > 山本会計事務所 > > 何の仕事をしていますか?正は 何をしていますか?正は']
4,茂,1912,1910,茂の職業は,茂の職種は,茂は何の仕事をしていますか？茂は,['茂の職業は警察官 で、 茂は 警察官 の 父親 と 母親 と 妹 の 四人兄弟の末っ子。 茂は 警察官 の 父親 と 母親 と 妹 の 四人兄弟の末っ子で、 茂は 警察官 の 父親 と 母親 と 妹 の'],['茂の職種は である。 茂は、の職種を  と  に分かち、それぞれ  と  と  と  と  と  と  と  と  と  と  と  と'],['茂は何の仕事をしていますか?茂は何をしていますか? 茂は 何をしていますか? 茂は 何をしていますか? 茂は 何をしていますか? 茂は 何をしていますか? 茂は 何をしていますか? 茂は 何をしていますか? 茂']
5,武雄,1912,1910,武雄の職業は,武雄の職種は,武雄は何の仕事をしていますか？武雄は,['武雄の職業は大工 で、大工の棟梁 である。 武雄は 武雄 の 武雄 の 武雄 の 武雄 の 武雄 の 武雄 の 武雄 の 武雄 の 武雄 の 武雄 の 武雄 の 武雄'],['武雄の職種は武雄の職種一覧 を参照。 武雄の職種は 武雄の職種一覧 を参照。 武雄の職種は 武雄の職種一覧 を参照。 武雄の職種は 武雄の職種一覧 を参照。 武雄の職種は 武雄の職種一覧 を参照。'],['武雄は何の仕事をしていますか?武雄は何をしていますか? 武雄は 何をしていますか? 武雄は 何をしていますか? 武雄は 何をしていますか? 武雄は 何をしていますか? 武雄は 何をしていますか? 武雄は ']
6,正治,1912,1910,正治の職業は,正治の職種は,正治は何の仕事をしていますか？正治は,['正治の職業は医師 で、 医師の免許は 医師の免許は 医師の免許は 医師の免許は 医師の免許は 医師の免許は 医師の免許は 医師の免許は 医師の免許は 医師の免許は 医師の免許は 医師の免許は 医師の免許は 医師の免許は'],['正治の職種は漢学 漢文 漢文 漢文 漢文 漢文 漢文 漢文 漢文 漢文 漢文 漢文 漢文 漢文 漢文 漢文 漢文 漢文 漢文 漢文 漢文 漢文 漢文 漢文 漢文'],['正治は何の仕事をしていますか?正治は何の仕事をしていますか? _ よくある質問 _ 弁護士法人アディーレ法律事務所 _ アディーレ法律事務所 > よくある質問 > 弁護士法人アディーレ法律事務所 > よくある質問 > 弁護士法人アディーレ法律事務所 > よくある質問 > 弁護士法人アディ']
7,三郎,1912,1910,三郎の職業は,三郎の職種は,三郎は何の仕事をしていますか？三郎は,['三郎の職業は大工 で、大工の棟梁 と 大工 の棟梁 の 中間 という 中間 の 中間 の 中間 の 中間 の 中間 の 中間 の 中間 の 中間 の 中間 の 中間 の 中間 の 中間 の 中間 の'],['三郎の職種は陸軍歩兵少尉 陸軍歩兵中尉 陸軍歩兵大尉 陸軍歩兵少佐 陸軍歩兵中佐 陸軍歩兵大佐 陸軍歩兵大佐 陸軍歩兵大佐 陸軍歩兵大佐 陸軍歩兵大佐 陸軍歩兵大佐 陸軍歩兵大佐 陸軍歩兵大佐 陸軍歩兵大佐 陸軍歩兵大佐 陸軍歩兵大佐 陸軍歩兵大佐 陸軍歩兵大佐 陸軍歩兵'],['三郎は何の仕事をしていますか?三郎は何の仕事をしていますか? 三郎は 何の仕事をしていますか?三郎は 何の仕事をしていますか? 三郎は 何の仕事をしていますか?三郎は 何の仕事をしていますか? 三郎は 何の仕事をしていますか?三郎は 何の仕事をしています']
8,正夫,1912,1910,正夫の職業は,正夫の職種は,正夫は何の仕事をしていますか？正夫は,['正夫の職業は警察官 で、 警察官の制服を着て、 警察官の制服を着て、 警察官の制服を着て、 警察官の制服を着て、 警察官の制服を着て、 警察官の制服を着て、 警察官の制服を着て、 警察官の制服を着て、 警察官の制服を着て、 警察官の制服を着て、 警察官の制服を着て、 警察官の制服を着て'],['正夫の職種は )は、日本の脚本家。 福岡県出身。 福岡県立修猷館高等学校を経て、早稲田大学第一文学部演劇専修卒業。 大学在学中の1976年に劇団「劇団民藝」を旗揚げ。 劇団民藝の主宰者・岸田國士の主宰する劇団員として、岸田の演出助手や脚本助手を務める。 岸田の演出'],['正夫は何の仕事をしていますか?正夫は何の仕事をしていますか? 私は 何の仕事をしていますか? 私は 何の仕事をしていますか? 私は 何の仕事をしていますか? 私は 何の仕事をしていますか? 私は 何の仕事をしていますか? 私は 何の仕事をしていますか?']
9,一郎,1912,1910,一郎の職業は,一郎の職種は,一郎は何の仕事をしていますか？一郎は,['一郎の職業は弁護士 である。 一郎は、弁護士として、事件を解決する。 一郎は、弁護士として、事件を解決する。 弁護士 一郎 演 - 鈴木亮平 弁護士。 一郎の職業は 弁護士 である。 一郎は、弁護士として、事件を解決する。 弁護士 一郎 演 - 鈴木亮'],['一郎の職種は陸軍歩兵少尉 で、 陸軍歩兵少尉 の階級は、 陸軍歩兵少尉 の階級は、 陸軍歩兵少尉 の階級は、 陸軍歩兵少尉 の階級は、 陸軍歩兵少尉 の階級は、 陸軍歩兵少尉 の階級は、 陸軍歩兵少尉 の階級は、 陸軍歩兵少尉 '],['一郎は何の仕事をしていますか?一郎は何の仕事をしていますか? 一郎は 何の仕事をしていますか?一郎は 何の仕事をしていますか? 一郎は 何の仕事をしていますか?一郎は 何の仕事をしていますか? 一郎は 何の仕事をしていますか?一郎は 何の仕事をしています']
10,正二,1913,1910,正二の職業は,正二の職種は,正二は何の仕事をしていますか？正二は,['正二の職業は                                     '],['正二の職種は陸軍の歩兵部隊である歩兵部隊(歩兵部隊)の指揮官である。 歩兵部隊指揮官は、歩兵部隊指揮官の職種のうち、歩兵部隊指揮官の職種のうち、歩兵部隊指揮官の職種のうち、歩兵部隊指揮官の職種のうち、歩兵部隊指揮官の職種のうち、歩兵部隊指揮官の職種のうち、歩兵部隊指揮官の職'],['正二は何の仕事をしていますか?正二は何の仕事をしていますか? 私は 何の仕事をしていますか? 私は 何の仕事をしていますか? 私は 何の仕事をしていますか? 私は 何の仕事をしていますか? 私は 何の仕事をしていますか? 私は 何の仕事をしていますか?']
11,義雄,1913,1910,義雄の職業は,義雄の職種は,義雄は何の仕事をしていますか？義雄は,['義雄の職業は大工 で、大工の棟梁として、大工の棟梁として、大工の棟梁として、大工の棟梁として、大工の棟梁として、大工の棟梁として、大工の棟梁として、大工の棟梁として、大工の棟梁として、大工の棟梁として、大工の棟梁として、大工の棟'],['義雄の職種は陸軍歩兵少尉 で、義雄は陸軍歩兵少尉として陸軍歩兵学校に入校した。 義雄は陸軍士官学校に入校した。 義雄は陸軍士官学校に入校した。 義雄は陸軍士官学校に入校した。 義雄は陸軍士官学校に入校した。 義雄は陸軍士官学校に入校した。 義雄は陸軍士官学校に入校した'],['義雄は何の仕事をしていますか?義雄は何を しているのですか? 義雄は 何を しているのですか? 義雄は 何を しているのですか? 義雄は 何を しているのですか? 義雄は 何を しているのですか? 義雄は 何を しているのですか']
12,正男,1913,1910,正男の職業は,正男の職種は,正男は何の仕事をしていますか？正男は,['正男の職業は警察官 で、 警察官の制服を着て、 警察官の制服を着て、 警察官の制服を着て、 警察官の制服を着て、 警察官の制服を着て、 警察官の制服を着て、 警察官の制服を着て、 警察官の制服を着て、 警察官の制服を着て、 警察官の制服を着て、 警察官の制服を着て、 警察官の制服を着て'],['正男の職種は弁護士 である。 弁護士は、弁護士会が定める弁護士資格の要件を満たし、弁護士会が定める弁護士会会則に定める弁護士資格の要件を満たした者をいう。 弁護士会は、弁護士会則に定める弁護士資格の要件を満たした者について、弁護士会会則第3条に定める弁護士会会則第4条に定める弁護士'],['正男は何の仕事をしていますか?正男は何の仕事をしていますか? 私は 何の仕事をしていますか? 私は 何の仕事をしていますか? 私は 何の仕事をしていますか? 私は 何の仕事をしていますか? 私は 何の仕事をしていますか? 私は 何の仕事をしていますか? ']
13,正三,1914,1910,正三の職業は,正三の職種は,正三は何の仕事をしていますか？正三は,['正三の職業は大工 で、大工の棟梁として、また、大工の棟梁として、大工の棟梁として、また、大工の棟梁として、大工の棟梁として、大工の棟梁として、大工の棟梁として、大工の棟梁として、大工の棟梁として、大工の棟梁として、大工の棟梁として、'],['正三の職種は陸軍大臣秘書官 海軍大臣秘書官 海軍大臣秘書官 海軍大臣秘書官 海軍大臣秘書官 海軍大臣秘書官 海軍大臣秘書官 海軍大臣秘書官 海軍大臣秘書官 海軍大臣秘書官 海軍大臣秘書官 海軍大臣秘書官 海軍大臣秘書官 海軍大臣秘書官 海軍大臣秘書官 海軍大臣秘書官 海軍大臣秘書官 海軍大臣秘書官 海軍大臣'],['正三は何の仕事をしていますか?正三は何の仕事をしていますか? 私は 何の仕事をしていますか? 私は 何の仕事をしていますか? 私は 何の仕事をしていますか? 私は 何の仕事をしていますか? 私は 何の仕事をしていますか? 私は 何の仕事をしていますか?']
14,勇,1914,1910,勇の職業は,勇の職種は,勇は何の仕事をしていますか？勇は,['勇の職業は” 探偵 ” である。 勇は、探偵事務所の所長である。 勇は、探偵事務所の所長である。 勇は、探偵事務所の所長である。 勇は、探偵事務所の所長である。 勇は、探偵事務所の所長である。 勇は、探偵事務所の所長である。 勇は、探偵事務所'],['勇の職種は剣の達人 である。 勇は、剣の達人 である。 勇は、剣の達人 である。 勇は、剣の達人 である。 勇は、剣の達人 である。 勇は、剣の達人 である。 勇は、剣の達人 である。 '],['勇は何の仕事をしていますか?勇は何を しているのですか? 勇は 何を しているのですか? 勇は 何を しているのですか? 勇は 何を しているのですか? 勇は 何を しているのですか? 勇は 何を しているのですか? 勇は 何を']
15,実,1914,1910,実の職業は,実の職種は,実は何の仕事をしていますか？実は,['実の職業は警察官 で、 警察官の制服を着て、 警察官の制服をまとって、 警察官の制服をまとって、 警察官の制服をまとって、 警察官の制服をまとって、 警察官の制服をまとって、 警察官の制服をまとって、 警察官の制服をまとって、 '],['実の職種はweb デザイナー です。 web デザイナー は、web サイトの構築や更新、デザイン、コーディング、システム開発などを行う仕事です。 web デザイナー は、web サイトの構築や更新、デザイン、コーディング、システム開発などを行う仕事です。 web デザイナー は、web サイトの構築や更新'],['実は何の仕事をしていますか?実は” ” ” ” ” ” ” ” ” ” ” ” ” ” ” ” ” ” ” ” ” ” ” ” ” ” ” ” ” ” ” ” ” ” ”']
16,秀雄,1914,1910,秀雄の職業は,秀雄の職種は,秀雄は何の仕事をしていますか？秀雄は,['秀雄の職業は探偵 。 探偵事務所の所長。 探偵事務所の所長は、探偵事務所の所長が探偵事務所の所長である場合と、探偵事務所の所長が探偵事務所の所長である場合とがある。 探偵事務所の所長は、探偵事務所の所長が探偵事務所の所長である場合と、探偵事務所の所長が探偵事務所の所長である'],['秀雄の職種は1 から 5 までの数字を並べて、その数字が何であるかを判定する。 秀雄は、数字が何であるかを判定する。 秀雄は、数字が何であるかを判定する。 秀雄は、数字が何であるかを判定する。 秀雄は、数字が何であるか'],['秀雄は何の仕事をしていますか?秀雄は何をしていますか? 秀雄は 何をしていますか? 秀雄は 何をしていますか? 秀雄は 何をしていますか? 秀雄は 何をしていますか? 秀雄は 何をしていますか? 秀雄は ']
17,辰雄,1916,1910,辰雄の職業は,辰雄の職種は,辰雄は何の仕事をしていますか？辰雄は,['辰雄の職業は大工 で、辰雄は 大工 の棟梁 として、大工の棟梁 として、大工の棟梁 として、大工の棟梁 として、大工の棟梁 として、大工の棟梁 として、大工の棟梁 として、大工の棟梁 として、大工の棟梁 として、大工'],['辰雄の職種は陸軍の歩兵科 陸軍の騎兵科 陸軍の輜重兵科 陸軍の輜重兵科 陸軍の輜重兵科 陸軍の輜重兵科 陸軍の輜重兵科 陸軍の輜重兵科 陸軍の輜重兵科 陸軍の輜重兵科 陸軍の輜重兵科 '],['辰雄は何の仕事をしていますか?辰雄は何をしていますか? 辰雄は 何をしていますか? 辰雄は 何をしていますか? 辰雄は 何をしていますか? 辰雄は 何をしていますか? 辰雄は 何をしていますか? 辰雄は ']
18,辰男,1916,1910,辰男の職業は,辰男の職種は,辰男は何の仕事をしていますか？辰男は,['辰男の職業は大工 で、大工の棟梁として 辰男 は、大工の棟梁として 辰男 は、大工の棟梁として 辰男 は、大工の棟梁として 辰男 は、大工の棟梁として 辰男 は、大工の棟梁として 辰男 は、大工の棟梁'],['辰男の職種は大工 だった。 辰男の家は、大工の棟梁が代々、辰男に仕事を任じてきた。 辰男の父は、大工の棟梁だった。 辰男も、大工の棟梁だった。 辰男の父は、大工の棟梁だった。 辰男の母は、大工の棟梁だった。 辰男'],['辰男は何の仕事をしていますか?辰男は何をしていますか? 辰男 僕は 何をしていますか? 僕は 何をしていますか? 辰男 僕は 何をしていますか? 僕は 何をしていますか? 辰男 僕は 何をしていますか? 僕']
19,博,1917,1910,博の職業は,博の職種は,博は何の仕事をしていますか？博は,['博の職業は探偵 である。 博は、探偵事務所の所長である。 博は、探偵事務所の所長である。 探偵事務所の所長である博は、探偵事務所の所長である。 探偵事務所の所長である博は、探偵事務所の所長である。 探偵事務所の所長である博は、探偵事務所の所長である。 探偵事務所の所長'],['博の職種は博の職種 博の職種 博の職種 博の職種 博の職種 博の職種 博の職種 博の職種 博の職種 博の職種 博の職種 博の職種 博の職種 博の職種 博の職種'],['博は何の仕事をしていますか?博は何の仕事をしていますか? 博は 何の仕事をしていますか? 博は 何の仕事をしていますか? 博は 何の仕事をしていますか? 博は 何の仕事をしていますか? 博は 何の仕事をしていますか? 博は 何の']
20,弘,1919,1910,弘の職業は,弘の職種は,弘は何の仕事をしていますか？弘は,['弘の職業は警察官 。 警察官として、事件を解決していく。 弘は、警察官として、事件を解決していく。 弘は、警察官として、事件を解決していく。 弘は、警察官として、事件を解決していく。 弘は、警察官として、事件を解決していく。 弘は、警察官として、事件を解決していく。 弘'],['弘の職種は(し) (し) (し) (し) (し) (し) (し) (し) (し) (し) (し) (し) (し) (し) (し)'],['弘は何の仕事をしていますか?弘は何の仕事をしていますか? 弘は 何の仕事をしていますか? 弘は 何の仕事をしていますか? 弘は 何の仕事をしていますか? 弘は 何の仕事をしていますか? 弘は 何の仕事をしていますか? 弘は 何の']
21,進,1923,1920,進の職業は,進の職種は,進は何の仕事をしていますか？進は,['進の職業は警察官 で、 進の家族は 警察官 の家族 である。 進は 進の家族 の 家族 の 家族 の 家族 の 家族 の 家族 の 家族 の 家族 の 家族 の 家族 の 家族 の 家族 の 家族 の'],['進の職種は陸軍 陸軍航空隊 陸軍航空士官学校 陸軍航空学校 陸軍航空学校 陸軍航空学校 陸軍航空学校 陸軍航空学校 陸軍航空学校 陸軍航空学校 陸軍航空学校 陸軍航空学校 陸軍航空学校 陸軍航空学校 陸軍航空学校 陸軍航空学校 陸軍航空学校 陸軍航空学校 陸軍航空学校 陸軍'],['進は何の仕事をしていますか?進は何の仕事をしていますか? 進は 何の仕事をしていますか? 進は 何の仕事をしていますか? 進は 何の仕事をしていますか? 進は 何の仕事をしていますか? 進は 何の仕事をしていますか? 進は 何の']
22,武,1924,1920,武の職業は,武の職種は,武は何の仕事をしていますか？武は,['武の職業は武の職業は 武の職業は 武の職業は 武の職業は 武の職業は 武の職業は 武の職業は 武の職業は 武の職業は 武の職業は 武の職業は 武の職業は 武の職業は 武の職業は 武の職業は'],['武の職種は武の職種 武の職種 武の職種 武の職種 武の職種 武の職種 武の職種 武の職種 武の職種 武の職種 武の職種 武の職種 武の職種 武の職種 武の職種'],['武は何の仕事をしていますか?武は何の仕事をしていますか? 武は 何の仕事をしていますか? 武は 何の仕事をしていますか? 武は 何の仕事をしていますか? 武は 何の仕事をしていますか? 武は 何の仕事をしていますか? 武は 何の']
23,一男,1926,1920,一男の職業は,一男の職種は,一男は何の仕事をしていますか？一男は,['一男の職業は警察官 で、 警察官の制服は 警察官の制服 で、 警察官の制服は 警察官の制服 で、 警察官の制服は 警察官の制服 で、 警察官の制服は 警察官の制服 で、 警察官の制服は 警察官の制服 で、 警察官の制服は 警察官の制服 で'],['一男の職種は弁護士 弁護士の職種は、弁護士の職種一覧を参照。 弁護士の職種は、弁護士の職種一覧を参照。 弁護士の職種は、弁護士の職種一覧を参照。 弁護士の職種は、弁護士の職種一覧を参照。 弁護士の職種は、弁護士の職種一覧を参照。 弁護士の職種は、弁護士の職'],['一男は何の仕事をしていますか?一男は何の仕事をしていますか? 私は 何の仕事をしていますか? 私は 何の仕事をしていますか? 私は 何の仕事をしていますか? 私は 何の仕事をしていますか? 私は 何の仕事をしていますか? 私は 何の仕事をしていますか? ']
24,昭二,1927,1920,昭二の職業は,昭二の職種は,昭二は何の仕事をしていますか？昭二は,['昭二の職業は探偵 で、探偵事務所の所長をしている。 探偵事務所の所長は、探偵事務所の所長が探偵事務所の所長である場合と、探偵事務所の所長が探偵事務所の所長である場合とがある。 探偵事務所の所長は探偵事務所の所長が探偵事務所の所長である場合と探偵事務所の所長が探偵事務所の所長である場合'],['昭二の職種は陸軍大臣秘書官 海軍大臣秘書官 陸軍大臣秘書官 海軍大臣秘書官 海軍大臣秘書官 海軍大臣秘書官 海軍大臣秘書官 海軍大臣秘書官 海軍大臣秘書官 海軍大臣秘書官 海軍大臣秘書官 海軍大臣秘書官 海軍大臣秘書官 海軍大臣秘書官 海軍大臣秘書官 海軍大臣秘書官 海軍大臣秘書官 海軍大臣秘書官 海軍'],['昭二は何の仕事をしていますか?昭二は何を しているのですか? 昭二は 何を しているのですか? 昭二は 何を しているのですか? 昭二は 何を しているのですか? 昭二は 何を しているのですか? 昭二は 何を しているのですか']
25,昭,1927,1920,昭の職業は,昭の職種は,昭は何の仕事をしていますか？昭は,['昭の職業は探偵 で、探偵事務所の所長をしている。 探偵事務所の所長は、探偵事務所の所長が探偵事務所の所長である場合と、探偵事務所の所長が探偵事務所の所長である場合とがある。 探偵事務所の所長は探偵事務所の所長が探偵事務所の所長である場合と探偵事務所の所長が探偵事務所の所長である場合と'],['昭の職種は陸軍大臣秘書官 で、昭は陸軍大臣秘書官として、陸軍大臣秘書官の職にあった。 昭は、陸軍大臣秘書官として、陸軍大臣秘書官の職にあった。 昭は、陸軍大臣秘書官として、陸軍大臣秘書官の職にあった。 昭は、陸軍大臣秘書官として、陸軍大臣秘書官の職にあった。 昭は、陸軍大臣'],['昭は何の仕事をしていますか?昭は何の仕事をしていますか? 昭は 何の仕事をしていますか? 昭は 何の仕事をしていますか? 昭は 何の仕事をしていますか? 昭は 何の仕事をしていますか? 昭は 何の仕事をしていますか? 昭は 何の']
26,和夫,1927,1920,和夫の職業は,和夫の職種は,和夫は何の仕事をしていますか？和夫は,['和夫の職業は警察官 。 和夫は、警察官として、事件を解決していく。 和夫は、警察官として、事件を解決していく。 和夫は、警察官として、事件を解決していく。 和夫は、警察官として、事件を解決していく。 和夫は、警察官として、事件を解決していく。 和夫は、警察官'],['和夫の職種は和夫は、和夫は、和夫は、和夫は、和夫は、和夫は、和夫は、和夫は、和夫は、和夫は、和夫は、和夫は、和夫は、和夫は、和夫は、和夫は、和夫は、和夫は、和夫'],['和夫は何の仕事をしていますか?和夫は何の仕事をしていますか? 和夫は 何の仕事をしていますか? 和夫は 何の仕事をしていますか? 和夫は 何の仕事をしていますか? 和夫は 何の仕事をしていますか? 和夫は 何の仕事をしていますか']
27,昭一,1927,1920,昭一の職業は,昭一の職種は,昭一は何の仕事をしていますか？昭一は,['昭一の職業は探偵 で、探偵事務所の所長をしている。 探偵事務所の所長は、探偵事務所の所長が探偵事務所の所長である場合と、探偵事務所の所長が探偵事務所の所長である場合とがある。 探偵事務所の所長は探偵事務所の所長が探偵事務所の所長である場合と探偵事務所の所長が探偵事務所の所長である場合'],['昭一の職種は陸軍経理学校(陸軍経理学校) 陸軍経理学校(陸軍経理学校) 陸軍経理学校(陸軍経理学校) 陸軍経理学校(陸軍経理学校) 陸軍経理学校(陸軍経理学校) 陸軍経理学校(陸軍経理学校) 陸軍経理学校(陸軍経理学校) 陸軍経理学校(陸軍経理学校) 陸軍'],['昭一は何の仕事をしていますか?昭一は何を しているのですか? 昭一は 何を しているのですか? 昭一は 何を しているのですか? 昭一は 何を しているのですか? 昭一は 何を しているのですか? 昭一は 何を しているのですか']
28,昭三,1928,1920,昭三の職業は,昭三の職種は,昭三は何の仕事をしていますか？昭三は,['昭三の職業は大工 で、大工の棟梁として、大工の棟梁として、大工の棟梁として、大工の棟梁として、大工の棟梁として、大工の棟梁として、大工の棟梁として、大工の棟梁として、大工の棟梁として、大工の棟梁として、大工の棟梁として、大工の棟'],['昭三の職種は陸軍大臣秘書官 海軍大臣秘書官 海軍大臣秘書官 海軍大臣秘書官 海軍大臣秘書官 海軍大臣秘書官 海軍大臣秘書官 海軍大臣秘書官 海軍大臣秘書官 海軍大臣秘書官 海軍大臣秘書官 海軍大臣秘書官 海軍大臣秘書官 海軍大臣秘書官 海軍大臣秘書官 海軍大臣秘書官 海軍大臣秘書官 海軍大臣秘書官 海軍'],['昭三は何の仕事をしていますか?昭三は何の仕事をしていますか? 昭三は 何の仕事をしていますか? 昭三は 何の仕事をしていますか? 昭三は 何の仕事をしていますか? 昭三は 何の仕事をしていますか? 昭三は 何の仕事をしていますか']
29,幸雄,1930,1930,幸雄の職業は,幸雄の職種は,幸雄は何の仕事をしていますか？幸雄は,['幸雄の職業は警察官。 警察官として、事件を解決していく。 幸雄は、警察官として、事件を解決していく。 幸雄は、警察官として、事件を解決していく。 幸雄は、警察官として、事件を解決していく。 幸雄は、警察官として、事件を解決していく。 幸雄は、警察官として、事件を'],['幸雄の職種は陸軍歩兵少尉 で、陸軍歩兵学校(現・陸上自衛隊)に在学中の1943年(昭和18年)に陸軍士官学校(現・陸軍士官学校)を首席で卒業。 陸軍歩兵学校卒業後は、陸軍航空士官学校(現・航空士官学校)で教官として航空兵教育に従事した。 陸軍航空士官学校卒業後は、陸軍航空士官学校教官として航空'],['幸雄は何の仕事をしていますか?幸雄は何をしていますか? 幸雄は 何をしていますか? 幸雄は 何をしていますか? 幸雄は 何をしていますか? 幸雄は 何をしていますか? 幸雄は 何をしていますか? 幸雄は ']
30,稔,1931,1930,稔の職業は,稔の職種は,稔は何の仕事をしていますか？稔は,['稔の職業は弁護士 。 弁護士事務所の所長。 弁護士事務所の所長。 弁護士事務所の所長。 弁護士事務所の所長。 弁護士事務所の所長。 弁護士事務所の所長。 弁護士事務所の所長。 弁護士事務所の所長。 弁護士事務所の所長。 弁護士事務所の所長。 弁護士事務所の所長。 弁護士事務所の所長'],['稔の職種は陸軍の歩兵科(歩兵)の教官 陸軍の騎兵科(騎兵)の教官 陸軍の工兵科(工兵)の教官 陸軍の輜重兵科(輜重兵)の教官 陸軍の輜重兵科(輜重兵)の教官 陸軍の輜重兵科(輜重兵)の教官 陸軍の'],['稔は何の仕事をしていますか?稔は何を しているのですか? 稔は 何を しているのですか? 稔は 何を しているのですか? 稔は 何を しているのですか? 稔は 何を しているのですか? 稔は 何を しているのですか? 稔は 何を']
31,明,1933,1930,明の職業は,明の職種は,明は何の仕事をしていますか？明は,['明の職業は明の皇帝 である。 明の皇帝は、明の皇帝の臣下である。 明の皇帝は、明の皇帝の臣下である。 明の皇帝は、明の皇帝の臣下である。 明の皇帝は、明の皇帝の臣下である。 明の皇帝は、明の皇帝の臣下である。 明の'],['明の職種は明の職種一覧 を参照。 明の職種は 明の職種一覧 を参照。 明の職種は 明の職種一覧 を参照。 明の職種は 明の職種一覧 を参照。 明の職種は 明の職種一覧 を参照。 明の職種は 明の職種'],['明は何の仕事をしていますか?明は何の仕事をしていますか? 明は 何の仕事をしていますか? 明は 何の仕事をしていますか? 明は 何の仕事をしていますか? 明は 何の仕事をしていますか? 明は 何の仕事をしていますか? 明は 何の']
32,昇,1934,1930,昇の職業は,昇の職種は,昇は何の仕事をしていますか？昇は,['昇の職業は探偵 である。 昇は、探偵事務所の所長である。 昇は、探偵事務所の所長である。 昇は、探偵事務所の所長である。 昇は、探偵事務所の所長である。 昇は、探偵事務所の所長である。 昇は、探偵事務所の所長である。 昇は、探偵事務所の所長である。'],['昇の職種は陸軍 陸軍航空隊 陸軍航空隊 陸軍航空隊 陸軍航空隊 陸軍航空隊 陸軍航空隊 陸軍航空隊 陸軍航空隊 陸軍航空隊 陸軍航空隊 陸軍航空隊 陸軍航空隊 陸軍航空隊 陸軍航空隊 陸軍航空隊 陸軍航空隊 陸軍航空隊 陸軍航空隊 陸軍航空隊 陸軍航空隊 陸軍航空隊 陸軍航空隊 陸軍航空隊 陸軍航空隊 '],['昇は何の仕事をしていますか?昇は何の仕事をしていますか? 昇は 何の仕事をしていますか? 昇は 何の仕事をしていますか? 昇は 何の仕事をしていますか? 昇は 何の仕事をしていますか? 昇は 何の仕事をしていますか? 昇は 何の']
33,隆,1935,1930,隆の職業は,隆の職種は,隆は何の仕事をしていますか？隆は,['隆の職業は探偵 である。 探偵事務所の所長である。 探偵事務所の所長である隆は、探偵事務所の所長である。 探偵事務所の所長である隆は、探偵事務所の所長である。 探偵事務所の所長である隆は、探偵事務所の所長である。 探偵事務所の所長である隆は、探偵事務所の所長である。 探偵事務所'],['隆の職種は1 年ごとに交代する。 隆は、その職種を 1 年ごとに交代する。 隆は、その職種を 1 年ごとに交代する。 隆は、その職種を 1 年ごとに交代する。 隆は、その職種を 1 年ごとに交代する。 隆は'],['隆は何の仕事をしていますか?隆は何の仕事をしていますか? 隆は 何の仕事をしていますか? 隆は 何の仕事をしていますか? 隆は 何の仕事をしていますか? 隆は 何の仕事をしていますか? 隆は 何の仕事をしていますか? 隆は 何の']
34,勉,1936,1930,勉の職業は,勉の職種は,勉は何の仕事をしていますか？勉は,['勉の職業は医者 で、医者の免許を持っているので、医者の免許を持っているので、医者の免許を持っているので、医者の免許を持っているので、医者の免許を持っているので、医者の免許を持っているので、医者の免許を持っているので、医者の免許を持っているので、医者の免許を持っているので、医者の免許を持っているので、'],['勉の職種は司法書士 である。 司法書士は、法律の知識を応用して、不動産登記や会社登記、相続登記、会社設立登記、会社設立後の役員変更登記、会社設立後の役員変更登記、会社設立後の役員変更登記、会社設立後の役員変更登記、会社設立後の役員変更登記、会社設立後の役員変更登記、'],['勉は何の仕事をしていますか?勉は何をしていますか? _ _ _ _ _ _ _ _ _ _ _ _ _ _ _ _ _ _ _ _ _ _ _ _ _ _ _ _ _ _ _']
35,勝,1937,1930,勝の職業は,勝の職種は,勝は何の仕事をしていますか？勝は,['勝の職業は医者 で、医者の免許を持っているので、医者の免許を持っているので、医者の免許を持っているので、医者の免許を持っているので、医者の免許を持っているので、医者の免許を持っているので、医者の免許を持っているので、医者の免許を持っているので、医者の免許を持っているので、医者の免許を持っているので、'],['勝の職種は御剣 である。 御剣は、御剣の剣名から「御剣」と名乗った。 御剣は、御剣の剣名から「御剣」と名乗った。 御剣は、御剣の剣名から「御剣」と名乗った。 御剣は、御剣の剣'],['勝は何の仕事をしていますか?勝は何の仕事をしていますか? 勝は 何の仕事をしていますか? 勝は 何の仕事をしていますか? 勝は 何の仕事をしていますか? 勝は 何の仕事をしていますか? 勝は 何の仕事をしていますか? 勝は 何の']
36,勲,1938,1930,勲の職業は,勲の職種は,勲は何の仕事をしていますか？勲は,['勲の職業は陸軍大佐 。 陸軍中佐 。 陸軍大佐 。 陸軍中佐 。 陸軍大佐 。 陸軍大佐 。 陸軍大佐 。 陸軍大佐 。 陸軍大佐 。 陸軍大佐 。 陸軍大佐 。 陸軍大佐 。 陸軍大佐 。 陸軍大佐 。 陸軍大佐 。'],['勲の職種は陸軍大将 海軍大将 陸軍大将 海軍大将 陸軍大将 海軍大将 陸軍大将 海軍大将 海軍大将 海軍大将 海軍大将 海軍大将 海軍大将 海軍大将 海軍大将 海軍大将 海軍大将 海軍大将 海軍大将 海軍大将 海軍大将 海軍大将 海軍大将 海軍大将 海軍大将'],['勲は何の仕事をしていますか?勲は何をしていますか? _ _ _ _ _ _ _ _ _ _ _ _ _ _ _ _ _ _ _ _ _ _ _ _ _ _ _ _ _ _ _']
37,功,1938,1930,功の職業は,功の職種は,功は何の仕事をしていますか？功は,['功の職業は() () () () () () () () () () () () () () ()'],['功の職種は(し) である。 功は、(し) の職種であり、(し) は、(し) の職種である。 功は、(し) の職種であり、(し) は、(し) の職種である。 功は、'],['功は何の仕事をしていますか?功は何をしていますか? 功は 何をしていますか? 功は 何をしていますか? 功は 何をしていますか? 功は 何をしていますか? 功は 何をしていますか? 功は 何をしていますか? 功']
38,勝利,1943,1940,勝利の職業は,勝利の職種は,勝利は何の仕事をしていますか？勝利は,['勝利の職業は1 で、この職業のプレイヤーは、自分の手札からカードを1枚選び、裏向きにして裏向きのまま、自分の手札に加える。 自分の手札がなくなったら、自分の山札の上から1枚を表向きにして、裏向きのまま、自分の手札に加える。 自分の山札の上から1枚を表向きにして、'],['勝利の職種は1 つだけ。 勝利の職種は 1 つだけ。 勝利の職種は 1 つだけ。 勝利の職種は 1 つだけ。 勝利の職種は 1 つだけ。 勝利の職種は 1 つだけ。 勝利の職種は 1 つだけ。 勝利の'],['勝利は何の仕事をしていますか?勝利はあなたの人生をより良くするのに役立ちますか? あなたは あなたの人生をより良くするのに役立ちますか? あなたは あなたの人生をより良くするのに役立ちますか? あなたは あなたの人生をより良くするのに役立ちますか?']
39,修,1945,1940,修の職業は,修の職種は,修は何の仕事をしていますか？修は,['修の職業は探偵 である。 修は、探偵事務所の所長である。 修は、探偵事務所の所長である。 修は、探偵事務所の所長である。 修は、探偵事務所の所長である。 修は、探偵事務所の所長である。 修は、探偵事務所の所長である。 修は、探偵事務所の所長である。'],['修の職種は1 つだけ。 修は、自分の名前を「修」と名乗り、修の上司である 1 人の上司である。 修は、自分の名前を「修」と名乗り、修の上司である 1 人の上司である。 修は、自分の名前を「修」と名乗り、修の上司である 1 人の'],['修は何の仕事をしていますか?修は何の仕事をしていますか? 修は 何の仕事をしていますか? 修は 何の仕事をしていますか? 修は 何の仕事をしていますか? 修は 何の仕事をしていますか? 修は 何の仕事をしていますか? 修は 何の']
40,豊,1946,1940,豊の職業は,豊の職種は,豊は何の仕事をしていますか？豊は,['豊の職業は医者 で、 豊は 医者 の 妻 である 。 豊は 医者 の 妻 である 。 豊は 医者 の 妻 である 。 豊は 医者 の 妻 である 。 豊は 医者 の 妻 である 。 豊は 医者'],['豊の職種は                                     '],['豊は何の仕事をしていますか?豊は何の仕事をしていますか? 豊は 何の仕事をしていますか? 豊は 何の仕事をしていますか? 豊は 何の仕事をしていますか? 豊は 何の仕事をしていますか? 豊は 何の仕事をしていますか? 豊は 何の']
41,誠,1949,1940,誠の職業は,誠の職種は,誠は何の仕事をしていますか？誠は,['誠の職業は” 探偵 ” である。 探偵事務所の所長である。 探偵事務所の所長である。 探偵事務所の所長である。 探偵事務所の所長である。 探偵事務所の所長である。 探偵事務所の所長である。 探偵事務所の所長である。 探偵事務所の所長である。 探偵事務所の所長である。 探偵事務所'],['誠の職種は” ” ” ” ” ” ” ” ” ” ” ” ” ” ” ” ” ” ” ” ” ” ” ” ” ” ” ” ” ” ” ” ” ” ” ” ” '],['誠は何の仕事をしていますか?誠は何の仕事をしていますか? 誠は 何の仕事をしていますか? 誠は 何の仕事をしていますか? 誠は 何の仕事をしていますか? 誠は 何の仕事をしていますか? 誠は 何の仕事をしていますか? 誠は 何の']
42,浩,1957,1950,浩の職業は,浩の職種は,浩は何の仕事をしていますか？浩は,['浩の職業は探偵 。 探偵事務所の所長。 探偵事務所の所長。 探偵事務所の所長。 探偵事務所の所長。 探偵事務所の所長。 探偵事務所の所長。 探偵事務所の所長。 探偵事務所の所長。 探偵事務所の所長。 探偵事務所の所長。 探偵事務所の所長。 探偵事務所の所長'],['浩の職種は1 つだけ。 浩は、 1 つの職種しか持っていない。 浩は、 1 つの職種しか持っていない。 浩は、 1 つの職種しか持っていない。 浩は、 1 つの職種しか持っていない。 浩は、 1 つの職種しか持っていない'],['浩は何の仕事をしていますか?浩は何を しているのですか? 浩は 何を しているのですか? 浩は 何を しているのですか? 浩は 何を しているのですか? 浩は 何を しているのですか? 浩は 何を しているのですか? 浩は 何を']
43,徹,1958,1950,徹の職業は,徹の職種は,徹は何の仕事をしていますか？徹は,['徹の職業は探偵 である。 探偵事務所の所長である徹は、依頼人の依頼を解決するべく、探偵事務所の探偵として、依頼人の身辺調査や、依頼人の身辺調査を探偵事務所の探偵として、探偵事務所の探偵として、探偵事務所の探偵として、探偵事務所の探偵として、探偵事務所の探偵として、探偵事務所の探偵'],['徹の職種は刑事 刑事 刑事 刑事 刑事 刑事 刑事 刑事 刑事 刑事 刑事 刑事 刑事 刑事 刑事 刑事 刑事 刑事 刑事 刑事 刑事 刑事 刑事 刑事 刑事 刑事 刑事 刑事 刑事 刑事 刑事 刑事 刑事 刑事 刑事 刑事 刑事 '],['徹は何の仕事をしていますか?徹は何の仕事をしていますか? 徹は 何の仕事をしていますか?徹は 何の仕事をしていますか? 徹は 何の仕事をしていますか?徹は 何の仕事をしていますか? 徹は 何の仕事をしていますか?徹は 何の仕事をしています']
44,浩一,1960,1960,浩一の職業は,浩一の職種は,浩一は何の仕事をしていますか？浩一は,['浩一の職業は探偵 。 探偵事務所の所長。 探偵事務所の所長は、探偵事務所の所長が探偵事務所の所長である場合と、探偵事務所の所長が探偵事務所の所長である場合とがある。 探偵事務所の所長は、探偵事務所の所長が探偵事務所の所長である場合と、探偵事務所の所長が探偵事務所の所長である'],['浩一の職種は刑事 刑事課 刑事課 刑事課 刑事課 刑事課 刑事課 刑事課 刑事課 刑事課 刑事課 刑事課 刑事課 刑事課 刑事課 刑事課 刑事課 刑事課 刑事課 刑事課 刑事課 刑事課 刑事課 刑事課 刑事課'],['浩一は何の仕事をしていますか?浩一は何をしていますか? 浩一は 何をしていますか? 浩一は 何をしていますか? 浩一は 何をしていますか? 浩一は 何をしていますか? 浩一は 何をしていますか? 浩一は ']
45,浩二,1960,1960,浩二の職業は,浩二の職種は,浩二は何の仕事をしていますか？浩二は,['浩二の職業は探偵 探偵事務所 探偵事務所 探偵事務所 探偵事務所 探偵事務所 探偵事務所 探偵事務所 探偵事務所 探偵事務所 探偵事務所 探偵事務所 探偵事務所 探偵事務所 探偵事務所 探偵事務所 探偵事務所 探偵事務所 探偵事務所 探偵事務所 探偵事務所 探偵事務所 探偵事務所 探偵事務所 探偵事務所 '],['浩二の職種は1 つだけ。 1 つの仕事は、1 つの仕事の 1 つを 1 つの仕事に変換し、1 つの仕事に変換した仕事。 1 つの仕事は、1 つの仕事の 1 つを 1 つの仕事に変換し、1 つの仕事に変換した仕事'],['浩二は何の仕事をしていますか?浩二は何を しているのですか? 浩二は 何を しているのですか?浩二は 何を しているのですか? 浩二は 何を しているのですか?浩二は 何を しているのですか? 浩二は 何を しているのですか?浩二は 何を しているの']
46,浩之,1960,1960,浩之の職業は,浩之の職種は,浩之は何の仕事をしていますか？浩之は,['浩之の職業は探偵 。 探偵事務所の所長。 探偵事務所の所長は、探偵事務所の所長が探偵事務所の所長である場合と、探偵事務所の所長が探偵事務所の所長である場合とがある。 探偵事務所の所長は、探偵事務所の所長が探偵事務所の所長である場合と、探偵事務所の所長が探偵事務所の所長である'],['浩之の職種は1 から 5 まで。 浩之は、 1 から 5 まで。 浩之は、 1 から 5 まで。 浩之は、 1 から 5 まで。 浩之は、 1 から 5 まで。 浩之は、 1 から 5 まで。 '],['浩之は何の仕事をしていますか?浩之は何をしていますか? 浩之は 何をしていますか? 浩之は 何をしていますか? 浩之は 何をしていますか? 浩之は 何をしていますか? 浩之は 何をしていますか? 浩之は ']
47,聡,1960,1960,聡の職業は,聡の職種は,聡は何の仕事をしていますか？聡は,['聡の職業は探偵 。 探偵事務所の所長。 探偵事務所の所長は、探偵事務所の所長が探偵事務所の所長である場合と、探偵事務所の所長が探偵事務所の所長である場合とがある。 探偵事務所の所長は、探偵事務所の所長が探偵事務所の所長である場合と、探偵事務所の所長が探偵事務所の所長である場合'],['聡の職種は” 秘書 ” である。 聡は、幼い頃から、聡の秘書として、聡の秘書として、聡の秘書として、聡の秘書として、聡の秘書として、聡の秘書として、聡の秘書として、聡の秘書として、聡の秘書として、聡の秘書として、聡の秘書として、聡の秘書として'],['聡は何の仕事をしていますか?聡は何を しているのですか? 聡は 何を しているのですか? 聡は 何を しているのですか? 聡は 何を しているのですか? 聡は 何を しているのですか? 聡は 何を しているのですか? 聡は 何を']
48,剛,1961,1960,剛の職業は,剛の職種は,剛は何の仕事をしていますか？剛は,['剛の職業は探偵 である。 探偵事務所の所長である。 探偵事務所の所長である剛は、探偵事務所の所長である剛に、探偵事務所の事件を解決するために必要な調査を依頼する。 剛は探偵事務所の事件を解決するために必要な調査を依頼する。 剛は探偵事務所の事件を解決するために必要な調査を依頼する。 '],['剛の職種は剛の担当する番組は 剛の担当する番組は 剛の担当する番組は 剛の担当する番組は 剛の担当する番組は 剛の担当する番組は 剛の担当する番組は 剛の担当する番組は 剛の担当する番組は 剛の担当する番組は 剛の担当する'],['剛は何の仕事をしていますか?剛は何の仕事をしていますか? 剛は 何の仕事をしていますか? 剛は 何の仕事をしていますか? 剛は 何の仕事をしていますか? 剛は 何の仕事をしていますか? 剛は 何の仕事をしていますか? 剛は 何の']
49,和彦,1961,1960,和彦の職業は,和彦の職種は,和彦は何の仕事をしていますか？和彦は,['和彦の職業は警察官 。 和彦は、警察官として、事件を解決していく。 和彦 演 - 鈴木亮平 警視庁捜査一課の刑事。 階級は警部補。 階級は警部補。 和彦の上司。 和彦の上司。 和彦の上司。 和彦の上司。 和彦'],['和彦の職種は和彦の職種は 和彦の職種は 和彦の職種は 和彦の職種は 和彦の職種は 和彦の職種は 和彦の職種は 和彦の職種は 和彦の職種は 和彦の職種は 和彦の職種は 和彦の職種は 和'],['和彦は何の仕事をしていますか?和彦は何の仕事をしていますか? 和彦は 何の仕事をしていますか? 和彦は 何の仕事をしていますか? 和彦は 何の仕事をしていますか? 和彦は 何の仕事をしていますか? 和彦は 何の仕事をしていますか']
50,秀樹,1962,1960,秀樹の職業は,秀樹の職種は,秀樹は何の仕事をしていますか？秀樹は,['秀樹の職業は探偵 探偵事務所 探偵事務所 探偵事務所 探偵事務所 探偵事務所 探偵事務所 探偵事務所 探偵事務所 探偵事務所 探偵事務所 探偵事務所 探偵事務所 探偵事務所 探偵事務所 探偵事務所 探偵事務所 探偵事務所 探偵事務所 探偵事務所 探偵事務所 探偵事務所 探偵事務所 探偵事務所 探偵事務所 '],['秀樹の職種はプロデューサー である。 プロデューサーは、主に、テレビ・ラジオ・映画・舞台・イベント・イベント・イベント・イベント・イベント・イベント・イベント・イベント・イベント・イベント・イベント・イベント・イベント・イベント・イベント・イベント・イベント・イベント・イベント・イベント・イベント・イベント・イベント・イベント・イベント・イベント・イベント・イベント・'],['秀樹は何の仕事をしていますか?秀樹は何の仕事をしていますか? _ ガールズちゃんねる - girls channel - ガールズちゃんねる - ガールズちゃんねる - ガールズちゃんねる - ガールズちゃんねる - ガールズちゃんねる - ガールズちゃんねる - ガールズちゃんねる - ガールズちゃんねる - ガールズちゃんねる - ガールズちゃんねる - ガールズちゃんねる - ガールズちゃんねる - ']
51,哲也,1963,1960,哲也の職業は,哲也の職種は,哲也は何の仕事をしていますか？哲也は,['哲也の職業は探偵 です。 探偵事務所の所長 です。 探偵事務所の所長 です。 探偵事務所の所長 です。 探偵事務所の所長 です。 探偵事務所の所長 です。 探偵事務所の所長 です。 探偵事務所の所長 です。 探偵事務所の所長 です。 探偵事務所の所長 '],['哲也の職種は” 営業 ” である。 営業職は、 ” 営業 ” である。 営業職は、 ” 営業 ” である。 営業職は、 ” 営業 ” である。 営業職は、 ” 営業 ” である。 営業職は、 ” 営業 '],['哲也は何の仕事をしていますか?哲也は何をしていますか? _ 弁護士法人アディーレ法律事務所 _ 弁護士法人アディーレ法律事務所 > 弁護士法人アディーレ法律事務所 > 弁護士法人アディーレ法律事務所 > 弁護士法人アディーレ法律事務所 > 弁護士法人アディーレ法律事務所 > 弁護士法人アディーレ法律事務所 > 弁護士法人アディ']
52,直樹,1963,1960,直樹の職業は,直樹の職種は,直樹は何の仕事をしていますか？直樹は,['直樹の職業は探偵 探偵事務所 探偵 探偵 探偵 探偵 探偵 探偵 探偵 探偵 探偵 探偵 探偵 探偵 探偵 探偵 探偵 探偵 探偵 探偵 探偵 探偵 探偵 探偵 探偵 探偵 探偵 探偵 探偵 探偵 探偵 探偵 探偵 探偵 探偵 探偵 探偵'],['直樹の職種は1 つだけ。 1 つの仕事に集中する。 1 つの仕事に集中する。 1 つの仕事に集中する。 1 つの仕事に集中する。 1 つの仕事に集中する。 1 つの仕事に集中する。 1 つの仕事に集中する。 1 つの仕事に'],['直樹は何の仕事をしていますか?直樹は何を しているのですか? _ _ _ _ _ _ _ _ _ _ _ _ _ _ _ _ _ _ _ _ _ _ _ _ _ _ _ _ _ _ ']
53,達也,1964,1960,達也の職業は,達也の職種は,達也は何の仕事をしていますか？達也は,['達也の職業は探偵 。 探偵事務所の所長。 探偵事務所の所長は、探偵事務所の所長が探偵事務所の所長である場合と、探偵事務所の所長が探偵事務所の所長である場合とがある。 探偵事務所の所長は、探偵事務所の所長が探偵事務所の所長である場合と、探偵事務所の所長が探偵事務所の所長である場合'],['達也の職種は1 つだけ。 1 つの仕事は、1 つの 1 つの 1 つの 1 つの 1 つの 1 つの 1 つの 1 つの 1 つの 1 つの 1 つの 1 つの 1 つの 1 つの 1 つの 1 '],['達也は何の仕事をしていますか?達也は何を しているのですか? 達也は 何を しているのですか? 達也は 何を しているのですか? 達也は 何を しているのですか? 達也は 何を しているのですか? 達也は 何を しているのですか? 達也は 何を']
54,学,1965,1960,学の職業は,学の職種は,学は何の仕事をしていますか？学は,['学の職業は学問の職業は 学問の職業は 学問の職業は 学問の職業は 学問の職業は 学問の職業は 学問の職業は 学問の職業は 学問の職業は 学問の職業は 学問の職業は 学問の職業は 学問の職業は 学問の職業は 学問の職業は'],['学の職種は教育学 教育学の職種は 教育学の職種は 教育学の職種は 教育学の職種は 教育学の職種は 教育学の職種は 教育学の職種は 教育学の職種は 教育学の職種は 教育学の職種は 教育学の職種は 教育学の職種は'],['学は何の仕事をしていますか?学は何を 学んでいますか? 学は 何を 学んでいますか? 学は 何を 学んでいますか? 学は 何を 学んでいますか? 学は 何を 学んでいますか? 学は 何を 学んでいますか?']
55,健一,1966,1960,健一の職業は,健一の職種は,健一は何の仕事をしていますか？健一は,['健一の職業は探偵 である。 探偵事務所の所長である。 探偵事務所の所長である健一は、探偵事務所の所長である。 探偵事務所の所長である健一は、探偵事務所の所長である。 探偵事務所の所長である健一は、探偵事務所の所長である。 探偵事務所の所長である健一は、探偵事務所の所長である。 探偵事務所'],['健一の職種は1 つだけ。 1 つの仕事は、 1 つの 1 つの 1 つの 1 つの 1 つの 1 つの 1 つの 1 つの 1 つの 1 つの 1 つの 1 つの 1 つの 1 つの 1 つの 1'],['健一は何の仕事をしていますか?健一は何の仕事をしていますか? 健一は 何の仕事をしていますか?健一は 何の仕事をしていますか? 健一は 何の仕事をしていますか?健一は 何の仕事をしていますか? 健一は 何の仕事をしていますか?健一は 何の仕事をしています']
56,淳,1968,1960,淳の職業は,淳の職種は,淳は何の仕事をしていますか？淳は,['淳の職業は探偵 探偵事務所 探偵事務所 探偵事務所 探偵事務所 探偵事務所 探偵事務所 探偵事務所 探偵事務所 探偵事務所 探偵事務所 探偵事務所 探偵事務所 探偵事務所 探偵事務所 探偵事務所 探偵事務所 探偵事務所 探偵事務所 探偵事務所 探偵事務所 探偵事務所 探偵事務所 探偵事務所 探偵事務所 '],['淳の職種は1 つだけ。 淳は、自分の仕事に誇りを持ち、その仕事に誇りを持って、その仕事に誇りを持って、その仕事に誇りを持って、その仕事に誇りを持って、その仕事に誇りを持って、その仕事に誇りを持って、その仕事に誇りを持って、その仕事に誇りを持って、その仕事に誇りを持って、その仕事に誇りを持って'],['淳は何の仕事をしていますか?淳は何の仕事をしていますか? 淳は 何の仕事をしていますか? 淳は 何の仕事をしていますか? 淳は 何の仕事をしていますか? 淳は 何の仕事をしていますか? 淳は 何の仕事をしていますか? 淳は 何の']
57,健,1969,1960,健の職業は,健の職種は,健は何の仕事をしていますか？健は,['健の職業は探偵 である。 探偵事務所の所長である。 探偵事務所の所長である健は、探偵事務所の所長である健に、探偵事務所の事件を解決するために必要な調査を依頼する。 健は、探偵事務所の事件を解決するために必要な調査を依頼する。 健は、探偵事務所の事件を解決するために必要な調査を依頼する'],['健の職種は” 探偵 ” である。 探偵事務所の探偵は、依頼人の悩みを解決する為に、依頼人の身辺を調査し、依頼人の悩みを解決する為に、探偵事務所に依頼人の依頼を引き受けている。 探偵事務所の探偵は、依頼人の悩みを解決する為に、依頼人の身辺を調査し、依頼人の悩みを解決する'],['健は何の仕事をしていますか?健は何の仕事をしていますか? 健は 何の仕事をしていますか? 健は 何の仕事をしていますか? 健は 何の仕事をしていますか? 健は 何の仕事をしていますか? 健は 何の仕事をしていますか? 健は 何の']
58,博之,1970,1970,博之の職業は,博之の職種は,博之は何の仕事をしていますか？博之は,['博之の職業は探偵 探偵事務所の探偵 探偵事務所の探偵 探偵事務所の探偵 探偵事務所の探偵 探偵事務所の探偵 探偵事務所の探偵 探偵事務所の探偵 探偵事務所の探偵 探偵事務所の探偵 探偵事務所の探偵 探偵事務所の探偵 探偵事務所の探偵 探偵事務所の探偵 探偵事務所の探偵 探偵'],['博之の職種は博之の職種は 博之の職種は 博之の職種は 博之の職種は 博之の職種は 博之の職種は 博之の職種は 博之の職種は 博之の職種は 博之の職種は 博之の職種は 博之の職種は 博'],['博之は何の仕事をしていますか?博之は何の仕事をしていますか? 博之は 何の仕事をしていますか? 博之は 何の仕事をしていますか? 博之は 何の仕事をしていますか? 博之は 何の仕事をしていますか? 博之は 何の仕事をしていますか']
59,英樹,1970,1970,英樹の職業は,英樹の職種は,英樹は何の仕事をしていますか？英樹は,['英樹の職業は探偵 である。 探偵事務所の所長である。 探偵事務所の所長である英樹は、探偵事務所の所長である。 探偵事務所の所長である英樹は、探偵事務所の所長である。 探偵事務所の所長である英樹は、探偵事務所の所長である。 探偵事務所の所長である英樹は、探偵事務所の所長'],['英樹の職種は1 つだけ。 1 つの仕事に集中する。 1 つの仕事に集中する。 1 つの仕事に集中する。 1 つの仕事に集中する。 1 つの仕事に集中する。 1 つの仕事に集中する。 1 つの仕事に集中する。 1 つの仕事'],['英樹は何の仕事をしていますか?英樹は何の仕事をしていますか? 英樹は 何の仕事をしていますか? 英樹は 何の仕事をしていますか? 英樹は 何の仕事をしていますか? 英樹は 何の仕事をしていますか? 英樹は 何の仕事をしていますか']
60,崇,1971,1970,崇の職業は,崇の職種は,崇は何の仕事をしていますか？崇は,['崇の職業は” ” ” ” ” ” ” ” ” ” ” ” ” ” ” ” ” ” ” ” ” ” ” ” ” ” ” ” ” ” ” ” ” ” ” ” ” '],['崇の職種は崇の職種 と 崇の職種 の2つに分けられている。 崇の職種は 崇の職種 と 崇の職種 の2つに分けられている。 崇の職種は 崇の職種 と 崇の職種 の2つに分けられている。 崇の職種は 崇の'],['崇は何の仕事をしていますか?崇は何を して いるのですか? 崇は 何を して いるのですか? 崇は 何を して いるのですか? 崇は 何を して いるのですか? 崇は 何を して いるのですか? 崇は 何を ']
61,大輔,1973,1970,大輔の職業は,大輔の職種は,大輔は何の仕事をしていますか？大輔は,['大輔の職業は探偵 である。 探偵事務所の所長である大輔は、依頼人の依頼を解決する為に、探偵事務所の探偵として、依頼人の悩みを解決する為に、探偵事務所の探偵として、依頼人の悩みを解決する為に、探偵事務所の探偵として、依頼人の悩みを解決する為に、探偵事務所の探偵として、依頼人の悩みを解決'],['大輔の職種は1 つだけ。 大輔は、 1 つの職種しか持っていない。 大輔は、 1 つの職種しか持っていない。 大輔は、 1 つの職種しか持っていない。 大輔は、 1 つの職種しか持っていない。 大輔は、 1 つの職種しか持っていない'],['大輔は何の仕事をしていますか?大輔は何を しているのですか? 大輔は 何を しているのですか?大輔は 何を しているのですか? 大輔は 何を しているのですか?大輔は 何を しているのですか? 大輔は 何を しているのですか?大輔は 何を しているの']
62,大介,1974,1970,大介の職業は,大介の職種は,大介は何の仕事をしていますか？大介は,['大介の職業は警察官 。 警察官として、事件を解決していく。 警察官の制服は、警察官の制服と同じデザインで、警察官の制服と同じ色である。 警察官の制服は、警察官の制服と同じデザインで、警察官の制服と同じ色である。 警察官の制服は、警察官の制服と同じデザインで、警察官の制服と同じ色である。 警察官'],['大介の職種は刑事 刑事課 刑事課 刑事課 刑事課 刑事課 刑事課 刑事課 刑事課 刑事課 刑事課 刑事課 刑事課 刑事課 刑事課 刑事課 刑事課 刑事課 刑事課 刑事課 刑事課 刑事課 刑事課 刑事課 刑事課 '],['大介は何の仕事をしていますか?大介は何の仕事をしていますか? _ _ _ _ _ _ _ _ _ _ _ _ _ _ _ _ _ _ _ _ _ _ _ _ _ _ _ _ _ _']
63,亮,1975,1970,亮の職業は,亮の職種は,亮は何の仕事をしていますか？亮は,['亮の職業は探偵 。 探偵事務所の所長。 探偵事務所の所長は、探偵事務所の所長が探偵事務所の所長である場合と、探偵事務所の所長が探偵事務所の所長である場合とがある。 探偵事務所の所長は、探偵事務所の所長が探偵事務所の所長である場合と、探偵事務所の所長が探偵事務所の所長である場合'],['亮の職種は1 つだけ。 亮は、 1 つの仕事に集中する。 亮は、 1 つの仕事に集中する。 亮は、 1 つの仕事に集中する。 亮は、 1 つの仕事に集中する。 亮は、 1 つの仕事に集中する。 亮は、'],['亮は何の仕事をしていますか?亮は何の仕事をしていますか? 亮は 何の仕事をしていますか? 亮は 何の仕事をしていますか? 亮は 何の仕事をしていますか? 亮は 何の仕事をしていますか? 亮は 何の仕事をしていますか? 亮は 何の']
64,竜也,1976,1970,竜也の職業は,竜也の職種は,竜也は何の仕事をしていますか？竜也は,['竜也の職業は探偵 竜也は 探偵 竜也は 探偵 竜也は 探偵 竜也は 探偵 竜也は 探偵 竜也は 探偵 竜也は 探偵 竜也は 探偵 竜也は 探偵 竜也は 探偵 竜也は 探偵 竜也は 探偵'],['竜也の職種は” 探偵 ” である。 竜也は、探偵事務所の探偵として、依頼人の悩みを解決する。 竜也は、依頼人の悩みを解決する。 竜也は、探偵事務所の探偵として、依頼人の悩みを解決する。 竜也は、探偵事務所の探偵として、依頼人の悩みを解決する'],['竜也は何の仕事をしていますか?竜也は何を しているのですか? 竜也は 何を しているのですか?竜也は 何を しているのですか? 竜也は 何を しているのですか?竜也は 何を しているのですか? 竜也は 何を しているのですか?竜']
65,健太郎,1977,1970,健太郎の職業は,健太郎の職種は,健太郎は何の仕事をしていますか？健太郎は,['健太郎の職業は警察官。 警察官として、事件を解決していく。 健太郎は、警察官として、事件を解決していく。 健太郎は、警察官として、事件を解決していく。 健太郎は、警察官として、事件を解決していく。 健太郎は、警察官として、事件を解決していく。 健太郎は、警察官として、事件を'],['健太郎の職種は1 つだけ。 健太郎は、 1 つの仕事を 1 人で 1 日で 1 日で 1 日で 1 日で 1 日で 1 日で 1 日で 1 日で 1 日で 1 日で 1 日'],['健太郎は何の仕事をしていますか?健太郎は何の仕事をしていますか? 健太郎は 何の仕事をしていますか? 健太郎は 何の仕事をしていますか? 健太郎は 何の仕事をしていますか? 健太郎は 何の仕事をしていますか? 健太郎は 何の仕事をしていますか']
66,洋平,1977,1970,洋平の職業は,洋平の職種は,洋平は何の仕事をしていますか？洋平は,['洋平の職業は警察官 。 警察官として、事件を解決していく。 洋平は、警察官として、事件を解決していく。 洋平 演 - 鈴木亮平 警察官。 警察官として、事件を解決していく。 洋平 演 - 佐藤隆太 洋平の相棒。 警察官。 洋平の職業は '],['洋平の職種は土木工学 土木工学科 土木工学科 土木工学科 土木工学科 土木工学科 土木工学科 土木工学科 土木工学科 土木工学科 土木工学科 土木工学科 土木工学科 土木工学科 土木工学科 土木工学科 土木工学科 土木工学科 土木工学'],['洋平は何の仕事をしていますか?洋平は何の仕事をしていますか? 洋平は 何の仕事をしていますか? 洋平は 何の仕事をしていますか? 洋平は 何の仕事をしていますか? 洋平は 何の仕事をしていますか? 洋平は 何の仕事をしていますか']
67,健太,1981,1980,健太の職業は,健太の職種は,健太は何の仕事をしていますか？健太は,['健太の職業は警察官 。 警察官として、事件を解決していく。 健太は、警察官として、事件を解決していく。 健太は、警察官として、事件を解決していく。 健太は、警察官として、事件を解決していく。 健太は、警察官として、事件を解決していく。 健太は、警察官として、事件'],['健太の職種は” 営業 ” である。 健太は、営業職として、様々な企業に出向し、営業活動を行ってきた。 営業職として、様々な企業に出向し、営業活動を行ってきた健太だが、その経験から、営業職として、どのような営業活動をしてきたのか、その経験から、営業職として、どのような営業活動をしてきたのか、'],['健太は何の仕事をしていますか?健太は何の仕事をしていますか? 健太は 何の仕事をしていますか? 健太は 何の仕事をしていますか? 健太は 何の仕事をしていますか? 健太は 何の仕事をしていますか? 健太は 何の仕事をしていますか']
68,和也,1982,1980,和也の職業は,和也の職種は,和也は何の仕事をしていますか？和也は,['和也の職業は警察官 。 和也は、警察官として、事件を解決していく。 和也は、警察官として、事件を解決していく。 和也は、警察官として、事件を解決していく。 和也は、警察官として、事件を解決していく。 和也は、警察官として、事件を解決していく。 和也は、'],['和也の職種は1 つだけ。 和也は、自分の仕事に誇りを持っている。 和也は、自分の仕事に誇りを持っている。 和也は、自分の仕事に誇りを持っている。 和也は、自分の仕事に誇りを持っている。 和也は、自分の仕事に誇りを持っている。 和也は、自分の仕事に誇りを持っている。 和'],['和也は何の仕事をしていますか?和也は何をしていますか? 和也は 何をしていますか? 和也は 何をしていますか? 和也は 何をしていますか? 和也は 何をしていますか? 和也は 何をしていますか? 和也は ']
69,翔,1982,1980,翔の職業は,翔の職種は,翔は何の仕事をしていますか？翔は,['翔の職業は探偵 翔(しょう しょう) 探偵事務所の所長。 探偵事務所の所長として、依頼人の依頼を解決する。 翔は探偵事務所の所長として、依頼人の依頼を解決する。 翔は探偵事務所の所長として、依頼人の依頼を解決する。 翔は探偵事務所の所長として、依頼人の依頼を解決'],['翔の職種は” 営業 ” である。 翔は、営業職として、様々な企業に出向し、営業活動を行ってきた。 翔は、営業職として、様々な企業に出向し、営業活動を行ってきた。 翔は、営業職として、様々な企業に出向し、営業活動を行ってきた。 翔は、営業職として、様々な企業に出向'],['翔は何の仕事をしていますか?翔は何の仕事をしていますか? 翔は 何の仕事をしていますか?翔は 何の仕事をしていますか? 翔は 何の仕事をしていますか?翔は 何の仕事をしていますか? 翔は 何の仕事をしていますか?翔は 何の仕事をしています']
70,拓也,1983,1980,拓也の職業は,拓也の職種は,拓也は何の仕事をしていますか？拓也は,['拓也の職業は警察官 拓也は 警察官 拓也は 警察官 拓也は 警察官 拓也は 警察官 拓也は 警察官 拓也は 警察官 拓也は 警察官 拓也は 警察官 拓也は 警察官 拓也は 警察官 拓也は 警察官 拓也は 警察官'],['拓也の職種は1 つだけ。 拓也は、自分の仕事に誇りを持っている。 拓也は、自分の仕事に誇りを持っている。 拓也は、自分の仕事に誇りを持っている。 拓也は、自分の仕事に誇りを持っている。 拓也は、自分の仕事に誇りを持っている。 拓也は、自分の仕事に誇りを持っている。 拓'],['拓也は何の仕事をしていますか?拓也は何の仕事をしていますか? 拓也は 何の仕事をしていますか?拓也は 何の仕事をしていますか? 拓也は 何の仕事をしていますか?拓也は 何の仕事をしていますか? 拓也は 何の仕事をしていますか?拓']
71,祐介,1984,1980,祐介の職業は,祐介の職種は,祐介は何の仕事をしていますか？祐介は,['祐介の職業は警察官。 警察官として、事件を解決していく。 祐介は、警察官として、事件を解決していく。 警察官として、事件を解決していく。 警察官として、事件を解決していく。 警察官として、事件を解決していく。 警察官として、事件を解決していく。 警察官として、事件を解決していく。 警察官として、'],['祐介の職種は1 つだけ。 祐介は、 1 つだけ。 祐介は、 1 つだけ。 祐介は、 1 つだけ。 祐介は、 1 つだけ。 祐介は、 1 つだけ。 祐介は、 1 つだけ。 祐'],['祐介は何の仕事をしていますか?祐介は何をしていますか? 祐介は 何をしていますか? 祐介は 何をしていますか? 祐介は 何をしていますか? 祐介は 何をしていますか? 祐介は 何をしていますか? 祐介は ']
72,雄太,1984,1980,雄太の職業は,雄太の職種は,雄太は何の仕事をしていますか？雄太は,['雄太の職業は警察官 で、 警察官の制服を着て、 警察官の制服をまとって、 警察官の制服をまとって、 警察官の制服をまとって、 警察官の制服をまとって、 警察官の制服をまとって、 警察官の制服をまとって、 警察官の制服をまとって、'],['雄太の職種は” 営業 ” である。 雄太は、営業職として、 ” 営業 ” を ” 営業 ” と ” 営業 ” の ” ” ” ” ” ” ” ” ” ” ” ” ” ” ” ”'],['雄太は何の仕事をしていますか?雄太は何の仕事をしていますか? 雄太は 何の仕事をしていますか? 雄太は 何の仕事をしていますか? 雄太は 何の仕事をしていますか? 雄太は 何の仕事をしていますか? 雄太は 何の仕事をしていますか']
73,優,1984,1980,優の職業は,優の職種は,優は何の仕事をしていますか？優は,['優の職業は探偵 。 探偵事務所の所長。 優は探偵事務所の所長として、探偵事務所の事件を解決していく。 優は探偵事務所の事件を解決していく中で、探偵事務所の事件を解決していく中で、探偵事務所の事件を解決していく中で、探偵事務所の事件を解決していく中で、探偵事務所の事件を解決していく中で、'],['優の職種は” 探偵 ” である。 優は、探偵事務所の探偵として、依頼人の悩みを解決する。 優は、探偵事務所の探偵として、依頼人の悩みを解決する。 優は、探偵事務所の探偵として、依頼人の悩みを解決する。 優は、探偵事務所の探偵として、依頼人の悩みを解決'],['優は何の仕事をしていますか?優は何の仕事をしていますか? 優は 何の仕事をしていますか? 優は 何の仕事をしていますか? 優は 何の仕事をしていますか? 優は 何の仕事をしていますか? 優は 何の仕事をしていますか? 優は 何の']
74,翔太,1986,1980,翔太の職業は,翔太の職種は,翔太は何の仕事をしていますか？翔太は,['翔太の職業は警察官 。 翔太は、警察官として、事件を解決していく。 翔太は、警察官として、事件を解決していく。 翔太は、警察官として、事件を解決していく。 翔太は、警察官として、事件を解決していく。 翔太は、警察官として、事件を解決していく。 翔太は、'],['翔太の職種は” 営業 ” である。 翔太は、 ” 営業 ” という職種に誇りを持っている。 翔太は、 ” 営業 ” という職種に誇りを持っている。 翔太は、 ” 営業 ” という職種に誇りを持っている。 翔太は、 ” '],['翔太は何の仕事をしていますか?翔太は翔太は 翔太は 翔太は 翔太は 翔太は 翔太は 翔太は 翔太は 翔太は 翔太は 翔太は 翔太は 翔太は 翔太は 翔太は 翔太は 翔太']
75,大樹,1987,1980,大樹の職業は,大樹の職種は,大樹は何の仕事をしていますか？大樹は,['大樹の職業は探偵 探偵事務所 探偵事務所 探偵事務所 探偵事務所 探偵事務所 探偵事務所 探偵事務所 探偵事務所 探偵事務所 探偵事務所 探偵事務所 探偵事務所 探偵事務所 探偵事務所 探偵事務所 探偵事務所 探偵事務所 探偵事務所 探偵事務所 探偵事務所 探偵事務所 探偵事務所 探偵事務所 探偵事務所 '],['大樹の職種は1 つだけ。 1 つの仕事は、1 つの仕事の 1 つを 1 つに分解して、その仕事の 1 つを 1 つに分解して、その仕事の 1 つを 1 つに分解して、その仕事の 1 つを 1 つ'],['大樹は何の仕事をしていますか?大樹は何をしていますか? _ _ _ _ _ _ _ _ _ _ _ _ _ _ _ _ _ _ _ _ _ _ _ _ _ _ _ _ _ _ ']
76,翔平,1989,1980,翔平の職業は,翔平の職種は,翔平は何の仕事をしていますか？翔平は,['翔平の職業は警察官 。 翔平は、警察官として、事件を解決していく。 翔平は、警察官として、事件を解決していく。 翔平は、警察官として、事件を解決していく。 翔平は、警察官として、事件を解決していく。 翔平は、警察官として、事件を解決していく。 翔平は、'],['翔平の職種は1 つだけ。 翔平は、自分の仕事に誇りを持っている。 翔平は、自分の仕事に誇りを持っている。 翔平は、自分の仕事に誇りを持っている。 翔平は、自分の仕事に誇りを持っている。 翔平は、自分の仕事に誇りを持っている。 翔平は、自分の仕事に誇りを持っている。 翔'],['翔平は何の仕事をしていますか?翔平は何の仕事をしていますか? 翔平は 何の仕事をしていますか?翔平は 何の仕事をしていますか? 翔平は 何の仕事をしていますか?翔平は 何の仕事をしていますか? 翔平は 何の仕事をしていますか?翔']
77,駿,1990,1990,駿の職業は,駿の職種は,駿は何の仕事をしていますか？駿は,['駿の職業は駿の職業は 駿の職業は 駿の職業は 駿の職業は 駿の職業は 駿の職業は 駿の職業は 駿の職業は 駿の職業は 駿の職業は 駿の職業は 駿の職業は 駿の職業は 駿の職業は 駿の職業は'],['駿の職種は1 つだけ。 駿は、自分の仕事に誇りを持っている。 駿は、自分の仕事に誇りを持っている。 駿は、自分の仕事に誇りを持っている。 駿は、自分の仕事に誇りを持っている。 駿は、自分の仕事に誇りを持っている。 駿は、自分の仕事に誇りを持っている。 駿は、自分の仕事に誇りを持っている'],['駿は何の仕事をしていますか?駿は何の仕事をしていますか? 駿は 何の仕事をしていますか?駿は 何の仕事をしていますか? 駿は 何の仕事をしていますか?駿は 何の仕事をしていますか? 駿は 何の仕事をしていますか?駿は 何の仕事をしています']
78,大貴,1992,1990,大貴の職業は,大貴の職種は,大貴は何の仕事をしていますか？大貴は,['大貴の職業は探偵 探偵事務所 探偵事務所 探偵事務所 探偵事務所 探偵事務所 探偵事務所 探偵事務所 探偵事務所 探偵事務所 探偵事務所 探偵事務所 探偵事務所 探偵事務所 探偵事務所 探偵事務所 探偵事務所 探偵事務所 探偵事務所 探偵事務所 探偵事務所 探偵事務所 探偵事務所 探偵事務所 探偵事務所 '],['大貴の職種は声優 である。 声優としては主にアダルトゲームの声優として活動している。 同人サークル「s-factory」を主宰している。 同人サークル「s-factory」は、同人サークル「s-factory」の同人サークルである。 同人サークル「s-factory」は、同人サークル「s-factory」'],['大貴は何の仕事をしていますか?大貴は何の仕事をしていますか? 私は 何の仕事をしていますか? 私は 何の仕事をしていますか? 私は 何の仕事をしていますか? 私は 何の仕事をしていますか? 私は 何の仕事をしていますか? 私は 何の仕事をしていますか?']
79,貴大,1992,1990,貴大の職業は,貴大の職種は,貴大は何の仕事をしていますか？貴大は,['貴大の職業は弁護士 で、弁護士の事務所で働いていた。 貴大は、弁護士の事務所で働いていた時に、ある事件を解決した。 貴大は、弁護士の事務所で働いていた時に、ある事件を解決した。 貴大は、弁護士の事務所で働いていた時に、ある事件を解決した。 貴大は、'],['貴大の職種は海軍大臣 海軍大臣 海軍大臣 海軍大臣 海軍大臣 海軍大臣 海軍大臣 海軍大臣 海軍大臣 海軍大臣 海軍大臣 海軍大臣 海軍大臣 海軍大臣 海軍大臣 海軍大臣 海軍大臣 海軍大臣 海軍大臣 海軍大臣 海軍大臣 海軍大臣 海軍大臣 海軍大臣 海軍'],['貴大は何の仕事をしていますか?貴大は何を しているのですか? 貴大は 何を しているのですか? 貴大は 何を しているのですか? 貴大は 何を しているのですか? 貴大は 何を しているのですか? 貴大は 何を しているのですか']
80,大輝,1993,1990,大輝の職業は,大輝の職種は,大輝は何の仕事をしていますか？大輝は,['大輝の職業は探偵 探偵事務所 探偵事務所 探偵事務所 探偵事務所 探偵事務所 探偵事務所 探偵事務所 探偵事務所 探偵事務所 探偵事務所 探偵事務所 探偵事務所 探偵事務所 探偵事務所 探偵事務所 探偵事務所 探偵事務所 探偵事務所 探偵事務所 探偵事務所 探偵事務所 探偵事務所 探偵事務所 探偵事務所 '],['大輝の職種は1 年ごとに交代する。 1 年ごとに交代する職種は、次の通りである。 1 年ごとに交代する職種は、次の通りである。 1 年ごとに交代する職種は、次の通りである。 1 年ごとに交代する職種は、次の通りである。 1 年ごとに交代する職種は、次の'],['大輝は何の仕事をしていますか?大輝は何をしていますか? 私は 何をしていますか? 私は 何をしていますか? 私は 何をしていますか? 私は 何をしていますか? 私は 何をしていますか? 私は 何をしていますか? 私は 何をしています']
81,翼,1993,1990,翼の職業は,翼の職種は,翼は何の仕事をしていますか？翼は,['翼の職業は翼の翼 翼の翼 翼の翼 翼の翼 翼の翼 翼の翼 翼の翼 翼の翼 翼の翼 翼の翼 翼の翼 翼の翼 翼の翼 翼の翼 翼の翼 翼の翼 翼の翼 翼の翼 翼の'],['翼の職種は翼の技 翼の技は 翼の技は 翼の技は 翼の技は 翼の技は 翼の技は 翼の技は 翼の技は 翼の技は 翼の技は 翼の技は 翼の技は 翼の技は 翼の技は '],['翼は何の仕事をしていますか?翼は何の仕事をしていますか? 翼は 何の仕事をしていますか?翼は 何の仕事をしていますか? 翼は 何の仕事をしていますか?翼は 何の仕事をしていますか? 翼は 何の仕事をしていますか?翼は 何の仕事をしています']
82,大地,1993,1990,大地の職業は,大地の職種は,大地は何の仕事をしていますか？大地は,['大地の職業は宇宙の創造者 である。 地球は、宇宙の創造者 である。 地球は、宇宙の創造者 である。 地球は、宇宙の創造者 である。 地球は、宇宙の創造者 である。 地球は、宇宙の創造者 である。 地球は、宇宙の創造者 である。 '],['大地の職種は” ” ” ” ” ” ” ” ” ” ” ” ” ” ” ” ” ” ” ” ” ” ” ” ” ” ” ” ” ” ” ” ” ” ” ” ” '],['大地は何の仕事をしていますか?大地は何を しているのですか? 大地は 何を しているのですか? 大地は 何を しているのですか? 大地は 何を しているのですか? 大地は 何を しているのですか? 大地は 何を しているのですか? 大地は 何を']
83,亮太,1994,1990,亮太の職業は,亮太の職種は,亮太は何の仕事をしていますか？亮太は,['亮太の職業は探偵 。 探偵事務所の所長。 探偵事務所の所長は、探偵事務所の所長が探偵事務所の所長である場合と、探偵事務所の所長が探偵事務所の所長である場合とがある。 探偵事務所の所長は、探偵事務所の所長が探偵事務所の所長である場合と、探偵事務所の所長が探偵事務所の所長である'],['亮太の職種は1 つだけ。 亮太は、 1 つだけ。 亮太は、 1 つだけ。 亮太は、 1 つだけ。 亮太は、 1 つだけ。 亮太は、 1 つだけ。 亮太は、 1 つだけ。 亮'],['亮太は何の仕事をしていますか?亮太は何の仕事をしていますか? 亮太は 何の仕事をしていますか?亮太は 何の仕事をしていますか? 亮太は 何の仕事をしていますか?亮太は 何の仕事をしていますか? 亮太は 何の仕事をしていますか?亮']
84,拓哉,1995,1990,拓哉の職業は,拓哉の職種は,拓哉は何の仕事をしていますか？拓哉は,['拓哉の職業は警察官 拓哉は 警察官 拓哉は 警察官 拓哉は 警察官 拓哉は 警察官 拓哉は 警察官 拓哉は 警察官 拓哉は 警察官 拓哉は 警察官 拓哉は 警察官 拓哉は 警察官 拓哉は 警察官 拓哉は 警察官'],['拓哉の職種は1 から 3 まで 1 から 3 まで 1 から 3 まで 1 から 3 まで 1 から 3 まで 1 から 3 まで 1 から 3 まで 1 から 3 まで 1 から 3 まで 1 から 3 まで 1 から'],['拓哉は何の仕事をしていますか?拓哉は何の仕事をしていますか? 拓哉は 何の仕事をしていますか?拓哉は 何の仕事をしていますか? 拓哉は 何の仕事をしていますか?拓哉は 何の仕事をしていますか? 拓哉は 何の仕事をしていますか?拓']
85,雄大,1995,1990,雄大の職業は,雄大の職種は,雄大は何の仕事をしていますか？雄大は,['雄大の職業は” ” ” ” ” ” ” ” ” ” ” ” ” ” ” ” ” ” ” ” ” ” ” ” ” ” ” ” ” ” ” ” ” ” ” ” ”'],['雄大の職種は” ” ” ” ” ” ” ” ” ” ” ” ” ” ” ” ” ” ” ” ” ” ” ” ” ” ” ” ” ” ” ” ” ” ” ” ”'],['雄大は何の仕事をしていますか?雄大は何をしていますか? 雄大は 何をしていますか? 雄大は 何をしていますか? 雄大は 何をしていますか? 雄大は 何をしていますか? 雄大は 何をしていますか? 雄大は ']
86,拓海,1996,1990,拓海の職業は,拓海の職種は,拓海は何の仕事をしていますか？拓海は,['拓海の職業は探偵 拓海(たくみ たくみ) 探偵事務所の所長。 探偵事務所の所長として、依頼人の悩みを解決する。 探偵事務所の所長として、依頼人の悩みを解決する。 探偵事務所の所長として、依頼人の悩みを解決する。 探偵事務所の所長として、依頼人の悩みを解決する。 '],['拓海の職種は1 つだけ。 拓海は、自分の名前を「拓海」と名乗り、拓海は、拓海が拓海であると名乗り、拓海は、拓海が拓海であると名乗り、拓海は、拓海が拓海であると名乗り、拓海は、拓海が拓海であると名乗り、拓海'],['拓海は何の仕事をしていますか?拓海は何の仕事をしていますか? 拓海は 何の仕事をしていますか?拓海は 何の仕事をしていますか? 拓海は 何の仕事をしていますか?拓海は 何の仕事をしていますか? 拓海は 何の仕事をしていますか?拓']
87,直人,1996,1990,直人の職業は,直人の職種は,直人は何の仕事をしていますか？直人は,['直人の職業は探偵 。 探偵事務所の所長。 探偵事務所の所長。 探偵事務所の所長。 探偵事務所の所長。 探偵事務所の所長。 探偵事務所の所長。 探偵事務所の所長。 探偵事務所の所長。 探偵事務所の所長。 探偵事務所の所長。 探偵事務所の所長。 探偵事務所の所長'],['直人の職種は1 つだけ。 直人の職種は 1 つだけ。 直人の職種は 1 つだけ。 直人の職種は 1 つだけ。 直人の職種は 1 つだけ。 直人の職種は 1 つだけ。 直人の職種は 1 つだけ。 直人の'],['直人は何の仕事をしていますか?直人は何の仕事をしていますか? 直人 直人 直人 直人 直人 直人 直人 直人 直人 直人 直人 直人 直人 直人 直人 直人 直人 直人 直人 直人']
88,康平,1996,1990,康平の職業は,康平の職種は,康平は何の仕事をしていますか？康平は,['康平の職業は医者 で、 医者の 康平は 医者の 康平は 医者の 康平は 医者の 康平は 医者の 康平は 医者の 康平は 医者の 康平は 医者の 康平は 医者の 康平は 医者の 康平'],['康平の職種は(かん) である。 康平は、中国の南北朝時代の北魏において、孝文帝の治世に、(かん)の官名を与えられた。 北魏の孝文帝は、孝文帝の即位後に、(かん)の官名を与えられた。 康平は、北魏の孝文帝の治世に、(かん)の官名'],['康平は何の仕事をしていますか?康平は何をしていますか? 康平は 何をしていますか? 康平は 何をしていますか? 康平は 何をしていますか? 康平は 何をしていますか? 康平は 何をしていますか? 康平は ']
89,陸,1997,1990,陸の職業は,陸の職種は,陸は何の仕事をしていますか？陸は,['陸の職業は海を渡る こと である。 陸の職業は 海を渡る こと である。 陸の職業は 海を渡る こと である。 陸の職業は 海を渡る こと である。 陸の職業は 海を渡る こと である。 陸の職業は 海を渡る '],['陸の職種は陸の職種 陸の職種 陸の職種 陸の職種 陸の職種 陸の職種 陸の職種 陸の職種 陸の職種 陸の職種 陸の職種 陸の職種 陸の職種 陸の職種 陸の職種'],['陸は何の仕事をしていますか?陸は何の仕事をしていますか? 陸は 何の仕事をしていますか? 陸は 何の仕事をしていますか? 陸は 何の仕事をしていますか? 陸は 何の仕事をしていますか? 陸は 何の仕事をしていますか? 陸は 何の']
90,海斗,1998,1990,海斗の職業は,海斗の職種は,海斗は何の仕事をしていますか？海斗は,['海斗の職業は海斗の母親が経営している 海斗の店「海斗の店」の店長。 海斗の母親が経営している店「海斗の店」の店長。 海斗の母親が経営している店「海斗の店」の店長。 海斗の母親が経営している店「海斗の'],['海斗の職種は” 海斗の ” と ” ” ” ” ” ” ” ” ” ” ” ” ” ” ” ” ” ” ” ” ” ” ” ” ” ” ” ” ” ” ” ”'],['海斗は何の仕事をしていますか?海斗は何の仕事をしていますか? 海斗は 何の仕事をしていますか? 海斗は 何の仕事をしていますか? 海斗は 何の仕事をしていますか? 海斗は 何の仕事をしていますか? 海斗は 何の仕事をしていますか']
91,一輝,1998,1990,一輝の職業は,一輝の職種は,一輝は何の仕事をしていますか？一輝は,['一輝の職業は探偵 探偵事務所 探偵事務所 探偵事務所 探偵事務所 探偵事務所 探偵事務所 探偵事務所 探偵事務所 探偵事務所 探偵事務所 探偵事務所 探偵事務所 探偵事務所 探偵事務所 探偵事務所 探偵事務所 探偵事務所 探偵事務所 探偵事務所 探偵事務所 探偵事務所 探偵事務所 探偵事務所 探偵事務所 '],['一輝の職種は1 年目に 1 回、2 年目に 2 回、3 年目に 3 回、4 年目に 4 回、5 年目に 5 回、6 年目に 6 回、7 年目に 7 回、8 年目に 8 回、9 年目に 9 回、10'],['一輝は何の仕事をしていますか?一輝は何をしていますか? 僕は 何をしていますか? 僕は 何をしていますか? 僕は 何をしていますか? 僕は 何をしていますか? 僕は 何をしていますか? 僕は 何をしていますか? ']
92,涼太,1998,1990,涼太の職業は,涼太の職種は,涼太は何の仕事をしていますか？涼太は,['涼太の職業は探偵 涼太は 探偵事務所の 探偵 涼太は 探偵事務所の 探偵 涼太は 探偵事務所の 探偵 涼太は 探偵事務所の 探偵 涼太は 探偵事務所の 探偵 涼太は 探偵事務所の 探偵 涼太は 探偵事務所の 探偵 涼'],['涼太の職種は” 営業 ” で、 ” 営業 ” と ” 営業 ” は 違う ” と 言っています。 涼太は ” 営業 ” と ” 営業 ” は 違う ” と 言っています。 涼太は ” 営業 '],['涼太は何の仕事をしていますか?涼太は何の仕事をしていますか? 涼太は 何の仕事をしていますか?涼太は 何の仕事をしていますか? 涼太は 何の仕事をしていますか?涼太は 何の仕事をしていますか? 涼太は 何の仕事をしていますか?涼']
93,匠,1998,1990,匠の職業は,匠の職種は,匠は何の仕事をしていますか？匠は,['匠の職業は匠の技で 匠の技で 匠の技で 匠の技で 匠の技で 匠の技で 匠の技で 匠の技で 匠の技で 匠の技で 匠の技で 匠の技で 匠の技で 匠の技で 匠の技で'],['匠の職種は匠の技 匠の技 匠の技 匠の技 匠の技 匠の技 匠の技 匠の技 匠の技 匠の技 匠の技 匠の技 匠の技 匠の技 匠の技 匠の技 匠の技 匠の技 匠の'],['匠は何の仕事をしていますか?匠は匠の仕事をしています。 匠は 匠の仕事をしています。 匠は 匠の仕事をしています。 匠は 匠の仕事をしています。 匠は 匠の仕事をしています。 匠は 匠の仕事をしています。 匠は 匠の仕事をしています。 匠']
94,蓮,1999,1990,蓮の職業は,蓮の職種は,蓮は何の仕事をしていますか？蓮は,['蓮の職業は蓮の母親が 蓮の母親に 言っていた 蓮の職業は 蓮の母親が 蓮の母親に 言っていた 蓮の職業は 蓮の母親が 蓮の母親に 言っていた 蓮の職業は 蓮の母親が 蓮の母親に 言っていた 蓮の職業は 蓮の'],['蓮の職種は蓮の職種 蓮の職種 蓮の職種 蓮の職種 蓮の職種 蓮の職種 蓮の職種 蓮の職種 蓮の職種 蓮の職種 蓮の職種 蓮の職種 蓮の職種 蓮の職種 蓮の職種'],['蓮は何の仕事をしていますか?蓮は何の仕事をしていますか? 蓮は 何の仕事をしていますか?蓮は 何の仕事をしていますか? 蓮は 何の仕事をしていますか?蓮は 何の仕事をしていますか? 蓮は 何の仕事をしていますか?蓮は 何の仕事をしています']
95,優斗,2000,2000,優斗の職業は,優斗の職種は,優斗は何の仕事をしていますか？優斗は,['優斗の職業は探偵 。 探偵事務所の所長。 探偵事務所の所長は、探偵事務所の所長が探偵事務所の所長である場合と、探偵事務所の所長が探偵事務所の所長である場合とがある。 探偵事務所の所長は、探偵事務所の所長が探偵事務所の所長である場合と、探偵事務所の所長が探偵事務所の所長である'],['優斗の職種は” 営業 ” である。 優斗は、営業職として、様々な企業に出向し、営業活動を行ってきた。 営業職として、様々な企業に出向し、営業活動を行ってきた優斗だが、その経験から、営業職として、どのようなことを心がけるべきなのか、また、営業職として、どのようなことを心がけるべき'],['優斗は何の仕事をしていますか?優斗は何を しているのですか? 優斗は 何を しているのですか? 優斗は 何を しているのですか? 優斗は 何を しているのですか? 優斗は 何を しているのですか? 優斗は 何を しているのですか']
96,優太,2001,2000,優太の職業は,優太の職種は,優太は何の仕事をしていますか？優太は,['優太の職業は探偵 で、探偵事務所の所長をしている。 優太は探偵事務所の所長として、優太の探偵事務所の事件を解決していく。 優太 演 - 佐藤二朗 探偵事務所の所長。 優太は探偵事務所の所長として、優太の探偵事務所の事件を解決していく。 優太は探偵'],['優太の職種は” 営業 ” で、 ” 営業 ” は ” 営業 ” と ” ” ” ” ” ” ” ” ” ” ” ” ” ” ” ” ” ” ” ” ” ” ” ” '],['優太は何の仕事をしていますか?優太は何の仕事をしていますか? 優太は 何の仕事をしていますか?優太は 何の仕事をしていますか? 優太は 何の仕事をしていますか?優太は 何の仕事をしていますか? 優太は 何の仕事をしていますか?優']
97,颯太,2002,2000,颯太の職業は,颯太の職種は,颯太は何の仕事をしていますか？颯太は,['太の職業は                                    '],['太の職種は                                    '],['太は何の仕事をしていますか?太は太は 太は 太は 太は 太は 太は 太は 太は 太は 太は 太は 太は 太は 太は 太は 太は 太']
98,大翔,2003,2000,大翔の職業は,大翔の職種は,大翔は何の仕事をしていますか？大翔は,['大翔の職業は探偵事務所の探偵 翔(しょう) 探偵事務所の探偵 翔(しょう) 探偵事務所の探偵 翔(しょう) 探偵事務所の探偵 翔(しょう) 探偵事務所の探偵 翔(しょう) 探偵事務所の探偵 翔(しょう) 探偵事務所の探偵 翔(しょう) 探偵事務所の探偵'],['大翔の職種は1 の「お客様のご要望にお応えする」こと。 2 の「お客様のご要望にお応えする」こと。 3 の「お客様のご要望にお応えする」こと。 4 の「お客様のご要望にお応えする」こと。 5 '],['大翔は何の仕事をしていますか?大翔は何をしていますか? _ ガールズちゃんねる - girls channel - ガールズちゃんねる - ガールズちゃんねる - ガールズちゃんねる - ガールズちゃんねる - ガールズちゃんねる - ガールズちゃんねる - ガールズちゃんねる - ガールズちゃんねる - ガールズちゃんねる - ガールズちゃんねる - ガールズちゃんねる - ガールズちゃんねる - ']
99,太陽,2003,2000,太陽の職業は,太陽の職種は,太陽は何の仕事をしていますか？太陽は,['太陽の職業は太陽光発電システムの設計・施工・保守・メンテナンス 太陽光発電システムの設計・施工・保守・メンテナンス 太陽光発電システムの設計・施工・保守・メンテナンス 太陽光発電システムの設計・施工・保守・メンテナンス 太陽光発電システムの設計・施工・保守・メンテナンス 太陽光発電システムの設計・施工・保守・メンテナンス 太陽光発電'],['太陽の職種は太陽光発電システム です。 太陽光発電システムとは、太陽光発電システムを設置するためのシステムです。 太陽光発電システムを設置するためには、太陽光発電システムを設置するための設備を設置場所まで運搬する必要があります。 太陽光発電システムを設置するための設備を運搬するには、運搬車が必要です。 太陽光発電システムを設置するための設備を'],['太陽は何の仕事をしていますか?太陽は何の仕事をしていますか? 太陽は 何の仕事をしていますか? 太陽は 何の仕事をしていますか? 太陽は 何の仕事をしていますか? 太陽は 何の仕事をしていますか? 太陽は 何の仕事をしていますか? 太陽は 何の']
100,悠斗,2003,2000,悠斗の職業は,悠斗の職種は,悠斗は何の仕事をしていますか？悠斗は,['悠斗の職業は探偵 で、悠斗は探偵事務所の所長。 探偵事務所の所長は、探偵事務所の所長が探偵事務所の所長である場合と、探偵事務所の所長が探偵事務所の所長である場合とがある。 探偵事務所の所長は、探偵事務所の所長が探偵事務所の所長である場合と、探偵事務所の所長が探偵事務所'],['悠斗の職種は” 探偵 ” である。 悠斗は、探偵事務所の所長である。 悠斗は、探偵事務所の所長である。 悠斗は、探偵事務所の所長である。 悠斗は、探偵事務所の所長である。 悠斗は、探偵事務所の所長である。 悠斗は、探偵事務所の所長である'],['悠斗は何の仕事をしていますか?悠斗は何をしていますか? 悠斗は 何をしていますか? 悠斗は 何をしていますか? 悠斗は 何をしていますか? 悠斗は 何をしていますか? 悠斗は 何をしていますか? 悠斗は ']
101,颯,2004,2000,颯の職業は,颯の職種は,颯は何の仕事をしていますか？颯は,['の職業は                                     '],['の職種は                                     '],['は何の仕事をしていますか?は                                  ']
102,輝,2005,2000,輝の職業は,輝の職種は,輝は何の仕事をしていますか？輝は,['輝の職業は探偵 探偵事務所 探偵事務所 探偵事務所 探偵事務所 探偵事務所 探偵事務所 探偵事務所 探偵事務所 探偵事務所 探偵事務所 探偵事務所 探偵事務所 探偵事務所 探偵事務所 探偵事務所 探偵事務所 探偵事務所 探偵事務所 探偵事務所 探偵事務所 探偵事務所 探偵事務所 探偵事務所 探偵事務所 '],['輝の職種は1 つだけ。 輝は、自分の名前を「輝」と名乗った。 輝は、自分の名前を「輝」と名乗った。 輝は、自分の名前を「輝」と名乗った。 輝は、自分の名前を「輝」と名乗った。 輝は、自分の名前を「輝'],['輝は何の仕事をしていますか?輝は何の仕事をしていますか? 輝は 何の仕事をしていますか? 輝は 何の仕事をしていますか? 輝は 何の仕事をしていますか? 輝は 何の仕事をしていますか? 輝は 何の仕事をしていますか? 輝は 何の']
103,大和,2005,2000,大和の職業は,大和の職種は,大和は何の仕事をしていますか？大和は,['大和の職業は大和の職業は 大和の職業は 大和の職業は 大和の職業は 大和の職業は 大和の職業は 大和の職業は 大和の職業は 大和の職業は 大和の職業は 大和の職業は 大和の職業は 大和の職業は 大和の職業は 大和の職業は'],['大和の職種は大和の職種一覧 を参照。 大和の職種は 大和の職種一覧 を参照。 大和の職種は 大和の職種一覧 を参照。 大和の職種は 大和の職種一覧 を参照。 大和の職種は 大和の職種一覧 を参照。 大和の職種は 大和の職種'],['大和は何の仕事をしていますか?大和は何の仕事をしていますか? 大和は 何の仕事をしていますか? 大和は 何の仕事をしていますか? 大和は 何の仕事をしていますか? 大和は 何の仕事をしていますか? 大和は 何の仕事をしていますか? 大和は 何の']
104,空,2006,2000,空の職業は,空の職種は,空は何の仕事をしていますか？空は,['空の職業は空の戦士 空の戦士(くうのせんし)は、日本のお笑いコンビ。 松竹芸能所属。 松竹芸能の若手芸人が集まって結成。 松竹芸能の若手芸人が集まって結成。 松竹芸能の若手芸人が集まって結成。 松竹芸能の若手芸人が集まって結成。 松竹芸能の若手芸人が集まって結成。'],['空の職種は空の職種 空の職種(そらのしょくぎょう)は、日本の音楽ユニット。 所属レーベルは、ユニバーサルミュージック。 所属レコード会社は、ユニバーサルミュージック。 所属レコード会社は、ユニバーサルミュージック。 所属レコード会社は、ユニバーサルミュージック。 所属レコード会社は、ユニバーサルミュージック。 所属レコード会社は、ユニバーサルミュージック。 所属レコード会社は、ユニバーサルミュージック。 所属レコード会社は'],['空は何の仕事をしていますか?空は何の仕事をしていますか? 空は 何の仕事をしていますか? 空は 何の仕事をしていますか? 空は 何の仕事をしていますか? 空は 何の仕事をしていますか? 空は 何の仕事をしていますか? 空は 何の']
105,陽向,2008,2000,陽向の職業は,陽向の職種は,陽向は何の仕事をしていますか？陽向は,['陽向の職業は探偵 陽向の探偵事務所 陽向の探偵事務所2 陽向の探偵事務所3 陽向の探偵事務所4 陽向の探偵事務所5 陽向の探偵事務所6 陽向の探偵事務所7 陽向の探偵事務所8 陽向の探偵事務所9 陽向の探偵事務所10 陽向'],['陽向の職種は1 つだけ。 陽向は、自分の名前を「陽向」と名乗り、その名前を「陽向」と名乗った。 陽向は、自分の名前を「陽向」と名乗った。 陽向は、自分の名前を「陽向」と名乗った。 陽向は、自分の名前'],['陽向は何の仕事をしていますか?陽向は何を しているのですか? 陽向は 何を しているのですか?陽向は 何を しているのですか? 陽向は 何を しているのですか?陽向は 何を しているのですか? 陽向は 何を しているのですか?陽']
106,悠人,2008,2000,悠人の職業は,悠人の職種は,悠人は何の仕事をしていますか？悠人は,['悠人の職業は探偵 で、探偵事務所の所長をしている。 探偵事務所の所長は、探偵事務所の所長が探偵事務所の所長である場合と、探偵事務所の所長が探偵事務所の所長である場合とがある。 探偵事務所の所長は、探偵事務所の所長が探偵事務所の所長である場合と、探偵事務所の所長が探偵事務所の所長である'],['悠人の職種は” 営業 ” である。 悠人は、営業職として、様々な企業に出向し、営業活動を行ってきた。 営業職として、様々な企業に出向し、営業活動を行ってきた悠人だが、その経験から、営業職として、どのようなことを心がけるべきか、また、どのようなことを心がけるべきか、ということを、悠'],['悠人は何の仕事をしていますか?悠人は何の仕事をしていますか? 悠人 悠人 悠人 悠人 悠人 悠人 悠人 悠人 悠人 悠人 悠人 悠人 悠人 悠人 悠人 悠人 悠人 悠人 悠人 悠人']
107,悠太,2008,2000,悠太の職業は,悠太の職種は,悠太は何の仕事をしていますか？悠太は,['悠太の職業は探偵 で、悠太は探偵事務所の所長。 探偵事務所の所長は、探偵事務所の所長が探偵事務所の所長である場合と、探偵事務所の所長が探偵事務所の所長である場合とがある。 探偵事務所の所長は、探偵事務所の所長が探偵事務所の所長である場合と、探偵事務所の所長が探偵事務所'],['悠太の職種は” 営業 ” である。 悠太は、 ” 営業 ” という職種に誇りを持っている。 悠太は、 ” 営業 ” という職種に誇りを持っている。 悠太は、 ” 営業 ” という職種に誇りを持っている。 悠太は、 ” '],['悠太は何の仕事をしていますか?悠太は何をしていますか? 悠太は 何をしていますか? 悠太は 何をしていますか? 悠太は 何をしていますか? 悠太は 何をしていますか? 悠太は 何をしていますか? 悠太は ']
108,瑛太,2009,2000,瑛太の職業は,瑛太の職種は,瑛太は何の仕事をしていますか？瑛太は,['瑛太の職業は俳優 で、 瑛太の本名は 瑛太 。 俳優 の 芸名は 瑛太 。 俳優 の 芸名は 瑛太 。 俳優 の 芸名は 瑛太 。 俳優 の 芸名は 瑛太 。 俳優 の 芸名は 瑛太'],['瑛太の職種は俳優 と 演出家 の2つだ。 瑛太は、俳優 として ドラマ や 映画 に 出演 している。 演出家 として ドラマ や 映画 に 出演 している。 瑛太は、俳優 として ドラマ や 映画 に 出演 している。 瑛太は、俳優'],['瑛太は何の仕事をしていますか?瑛太は何の仕事をしていますか? 瑛太は 何の仕事をしていますか? 瑛太は 何の仕事をしていますか? 瑛太は 何の仕事をしていますか? 瑛太は 何の仕事をしていますか? 瑛太は 何の仕事をしていますか']
109,悠真,2009,2000,悠真の職業は,悠真の職種は,悠真は何の仕事をしていますか？悠真は,['悠真の職業は” 探偵 ” である。 探偵事務所の所長である悠真は、探偵事務所の所長である悠真が探偵事務所の所長であるということは、悠真が探偵事務所の所長であるということは、悠真が探偵事務所の所長であるということは、悠真が探偵事務所の所長であるということは、悠真が探偵事務所の所長'],['悠真の職種は” ” ” ” ” ” ” ” ” ” ” ” ” ” ” ” ” ” ” ” ” ” ” ” ” ” ” ” ” ” ” ” ” ” ” ” ” '],['悠真は何の仕事をしていますか?悠真は何を しているのですか? 悠真は 何を しているのですか? 悠真は 何を しているのですか? 悠真は 何を しているのですか? 悠真は 何を しているのですか? 悠真は 何を しているのですか']
110,陽斗,2009,2000,陽斗の職業は,陽斗の職種は,陽斗は何の仕事をしていますか？陽斗は,['陽斗の職業は探偵 。 探偵事務所の所長。 探偵事務所の所長。 探偵事務所の所長。 探偵事務所の所長。 探偵事務所の所長。 探偵事務所の所長。 探偵事務所の所長。 探偵事務所の所長。 探偵事務所の所長。 探偵事務所の所長。 探偵事務所の所長。 探偵事務所の'],['陽斗の職種は” 探偵 ” である。 探偵事務所の探偵は、依頼人の悩みを解決する為に、依頼人の身辺を調査し、依頼人の悩みを解決する為に、探偵事務所に潜入する。 探偵事務所の探偵は、依頼人の悩みを解決する為に、依頼人の身辺を調査し、依頼人の悩みを解決する為に、探偵'],['陽斗は何の仕事をしていますか?陽斗は何を しているのですか? 陽斗は 何を しているのですか? 陽斗は 何を しているのですか? 陽斗は 何を しているのですか? 陽斗は 何を しているのですか? 陽斗は 何を しているのですか']
111,颯真,2009,2000,颯真の職業は,颯真の職種は,颯真は何の仕事をしていますか？颯真は,['真の職業は                                     '],['真の職種は                                     '],['真は何の仕事をしていますか?真は                                 ']
112,歩夢,2010,2010,歩夢の職業は,歩夢の職種は,歩夢は何の仕事をしていますか？歩夢は,['歩夢の職業は探偵 。 探偵事務所の所長。 探偵事務所の所長。 探偵事務所の所長。 探偵事務所の所長。 探偵事務所の所長。 探偵事務所の所長。 探偵事務所の所長。 探偵事務所の所長。 探偵事務所の所長。 探偵事務所の所長。 探偵事務所の所長。 探偵事務所の'],['歩夢の職種は” アイドル ” で、アイドルとして ” アイドル ” として ” アイドル ” として ” アイドル ” として ” アイドル ” として ” アイドル ” として ” アイドル ” として ” アイドル ” として ” アイドル ” '],['歩夢は何の仕事をしていますか?歩夢は何の仕事をしていますか? 歩夢は 何の仕事をしていますか?歩夢は 何の仕事をしていますか? 歩夢は 何の仕事をしていますか?歩夢は 何の仕事をしていますか? 歩夢は 何の仕事をしていますか?歩']
113,蒼空,2010,2010,蒼空の職業は,蒼空の職種は,蒼空は何の仕事をしていますか？蒼空は,['蒼空の職業は空飛ぶ鳥 。 空飛ぶ鳥は、空を飛ぶ鳥の翼を羽ばたかせることで空を飛ぶことができる。 空飛ぶ鳥は、空を飛ぶ鳥の翼を羽ばたかせることで空を飛ぶことができる。 空飛ぶ鳥は、空を飛ぶ鳥の翼を羽ばたかせることで空を飛ぶことができる'],['蒼空の職種は空を飛ぶこと 空を飛ぶためには 空を飛ぶための 道具が必要 空を飛ぶためには 空を飛ぶための 道具が必要 空を飛ぶためには 空を飛ぶための 道具が必要 空を飛ぶためには 空を飛ぶための 道具が必要 空を飛ぶためには 空を飛ぶための 道具'],['蒼空は何の仕事をしていますか?蒼空は何の仕事をしていますか? 蒼空は 何の仕事をしていますか? 蒼空は 何の仕事をしていますか? 蒼空は 何の仕事をしていますか? 蒼空は 何の仕事をしていますか? 蒼空は 何の仕事をしていますか']
114,大雅,2010,2010,大雅の職業は,大雅の職種は,大雅は何の仕事をしていますか？大雅は,['大雅の職業は探偵 である。 探偵事務所の所長である。 探偵事務所の所長である。 探偵事務所の所長である。 探偵事務所の所長である。 探偵事務所の所長である。 探偵事務所の所長である。 探偵事務所の所長である。 探偵事務所の所長である。 探偵事務所の所長である。 探偵事務所の所長である。'],['大雅の職種は1 から 5 まで。 1 は、1 の職種で、1 の職種で、1 の職種で、1 の職種で、1 の職種で、1 の職種で、1 の職種で、1 の職種で、1 の職種で'],['大雅は何の仕事をしていますか?大雅は何をしていますか? 私は 何をしていますか? 私は 何をしていますか? 私は 何をしていますか? 私は 何をしていますか? 私は 何をしていますか? 私は 何をしていますか? 私は 何をしています']
115,樹,2011,2010,樹の職業は,樹の職種は,樹は何の仕事をしていますか？樹は,['樹の職業は木工職人 。 木工職人の両親のもと、東京で育つ。 木工職人の両親は、木工職人の両親が幼い頃に離婚し、木工職人の両親は、木工職人の両親が幼い頃に離婚し、木工職人の両親は、木工職人の両親が幼い頃に離婚し、木工'],['樹の職種は木工 である。 樹は、木工の技能を磨くために、木工の技能検定試験を受験している。 樹は、木工の技能検定試験を受験するにあたって、木工の技能検定試験の受験資格を得るために、木工の技能検定試験の受験資格を得るために、木工の技能検定試験の受験資格'],['樹は何の仕事をしていますか?樹は何の仕事をしていますか? 樹は 何の仕事をしていますか? 樹は 何の仕事をしていますか? 樹は 何の仕事をしていますか? 樹は 何の仕事をしていますか? 樹は 何の仕事をしていますか? 樹は 何の']
116,陽翔,2011,2010,陽翔の職業は,陽翔の職種は,陽翔は何の仕事をしていますか？陽翔は,['陽翔の職業は警察官 。 正義感が強く、正義感が強いが、その反面、自分の正義を貫くためには手段を選ばない。 正義感が強いが、その反面、自分の正義を貫くためには手段を選ばない。 正義感が強いが、その反面、自分の正義を貫くためには手段を選ばない。'],['陽翔の職種は1 つだけ。 1 つの職種で、1 つの職種で、1 つの職種で、1 つの職種で、1 つの職種で、1 つの職種で、1 つの職種で、1 つの職種で、1 つの職種で、1 つの職'],['陽翔は何の仕事をしていますか?陽翔は何をしていますか? 陽翔は 何をしていますか? 陽翔は 何をしていますか? 陽翔は 何をしていますか? 陽翔は 何をしていますか? 陽翔は 何をしていますか? 陽翔は ']
117,陸斗,2011,2010,陸斗の職業は,陸斗の職種は,陸斗は何の仕事をしていますか？陸斗は,['陸斗の職業は警察官 。 陸斗は、幼い頃から警察官に憧れており、警察官になることを夢見ていた。 警察官になるには、警察官になるには、警察官になるには、警察官になるには、警察官になるには、警察官になるには、警察官になるには、警察官になるには、警察官になるには、警察官になるには、警察官になるには、警察官になるには、警察官になるには、'],['陸斗の職種は陸上自衛官 である。 陸斗は、陸自の隊員として、陸自の任務を遂行する。 陸自の任務は、陸自の隊員が任務を遂行するために必要な物資の調達、補給、輸送、補給、補給、補給、補給、補給、補給、補給、補給、補給、補給、補給、補給、'],['陸斗は何の仕事をしていますか?陸斗は何の仕事をしていますか? 陸斗は 何の仕事をしていますか? 陸斗は 何の仕事をしていますか? 陸斗は 何の仕事をしていますか? 陸斗は 何の仕事をしていますか? 陸斗は 何の仕事をしていますか']
118,太一,2011,2010,太一の職業は,太一の職種は,太一は何の仕事をしていますか？太一は,['太一の職業は警察官 。 警察官として、事件を解決していく。 太一は、警察官として、事件を解決していく。 太一は、警察官として、事件を解決していく。 太一は、警察官として、事件を解決していく。 太一は、警察官として、事件を解決していく。 太一は、警察官として、事件'],['太一の職種は刑事 刑事課 刑事課 刑事課 刑事課 刑事課 刑事課 刑事課 刑事課 刑事課 刑事課 刑事課 刑事課 刑事課 刑事課 刑事課 刑事課 刑事課 刑事課 刑事課 刑事課 刑事課 刑事課 刑事課 刑事課'],['太一は何の仕事をしていますか?太一は何の仕事をしていますか? 太一は 何の仕事をしていますか?太一は 何の仕事をしていますか? 太一は 何の仕事をしていますか?太一は 何の仕事をしていますか? 太一は 何の仕事をしていますか?太']
119,海翔,2011,2010,海翔の職業は,海翔の職種は,海翔は何の仕事をしていますか？海翔は,['海翔の職業は海翔の職業は 海翔の職業は 海翔の職業は 海翔の職業は 海翔の職業は 海翔の職業は 海翔の職業は 海翔の職業は 海翔の職業は 海翔の職業は 海翔の職業は 海翔の職業は 海'],['海翔の職種は海翔の職種 海翔の職種は 海翔の職種 海翔の職種は 海翔の職種 海翔の職種は 海翔の職種 海翔の職種は 海翔の職種 海翔の職種は 海翔の職種 海翔の職種は 海'],['海翔は何の仕事をしていますか?海翔は何の仕事をしていますか? 海翔は 何の仕事をしていますか? 海翔は 何の仕事をしていますか? 海翔は 何の仕事をしていますか? 海翔は 何の仕事をしていますか? 海翔は 何の仕事をしていますか']
120,湊,2012,2010,湊の職業は,湊の職種は,湊は何の仕事をしていますか？湊は,['湊の職業は漁師 。 漁師の両親のもと、幼い頃から魚釣りを習う。 魚釣りが得意な湊は、魚釣りの腕前を買われて、魚釣りのプロとして魚釣りのプロになる。 魚釣りのプロになる前は、漁師の両親の元で漁師として働いていた。 魚釣りのプロになる前は、漁師の'],['湊の職種は(しもべ) である。 湊の職種は (しもべ) である。 湊の職種は (しもべ) である。 湊の職種は (しもべ) である。 湊の職種は (しもべ) である。 湊の職種は'],['湊は何の仕事をしていますか?湊は何の仕事をしていますか? 湊は 何の仕事をしていますか? 湊は 何の仕事をしていますか? 湊は 何の仕事をしていますか? 湊は 何の仕事をしていますか? 湊は 何の仕事をしていますか? 湊は 何の']
121,龍生,2012,2010,龍生の職業は,龍生の職種は,龍生は何の仕事をしていますか？龍生は,['龍生の職業は龍生の両親は 龍生の両親は 龍生の両親は 龍生の両親は 龍生の両親は 龍生の両親は 龍生の両親は 龍生の両親は 龍生の両親は 龍生の両親は 龍生の両親は 龍生の両親は 龍'],['龍生の職種は龍生の職種 龍生の職種は 龍生の職種 龍生の職種は 龍生の職種 龍生の職種は 龍生の職種 龍生の職種は 龍生の職種 龍生の職種は 龍生の職種 龍生の職種は 龍'],['龍生は何の仕事をしていますか?龍生は何の仕事をしていますか? 龍生は 何の仕事をしていますか?龍生は 何の仕事をしていますか? 龍生は 何の仕事をしていますか?龍生は 何の仕事をしていますか? 龍生は 何の仕事をしていますか?龍']
122,陽太,2014,2010,陽太の職業は,陽太の職種は,陽太は何の仕事をしていますか？陽太は,['陽太の職業は” 探偵 ” 。 探偵事務所の所長。 探偵事務所の所長。 探偵事務所の所長。 探偵事務所の所長。 探偵事務所の所長。 探偵事務所の所長。 探偵事務所の所長。 探偵事務所の所長。 探偵事務所の所長。 探偵事務所の所長。 探偵事務所の所長。'],['陽太の職種は” 営業 ” で、 ” 営業 ” は ” 営業 ” と ” 営業 ” の 違い ” を ” 営業 ” と ” 営業 ” の違い ” で ” 営業 ” は ” 営業 ” '],['陽太は何の仕事をしていますか?陽太は何を しているのですか? 陽太は 何を しているのですか?陽太は 何を しているのですか? 陽太は 何を しているのですか?陽太は 何を しているのですか? 陽太は 何を しているのですか?陽']
123,朝陽,2014,2010,朝陽の職業は,朝陽の職種は,朝陽は何の仕事をしていますか？朝陽は,['朝陽の職業は警察官 。 朝陽は 警察官 。 朝陽は 警察官 。 朝陽は 警察官 。 朝陽は 警察官 。 朝陽は 警察官 。 朝陽は 警察官 。 朝陽は 警察官 。 朝陽は 警察官 。 朝陽は 警察官'],['朝陽の職種は() () () () () () () () () () () () () () ('],['朝陽は何の仕事をしていますか?朝陽は何をしていますか? 朝陽は 何をしていますか? 朝陽は 何をしていますか? 朝陽は 何をしていますか? 朝陽は 何をしていますか? 朝陽は 何をしていますか? 朝陽は ']
124,悠,2016,2010,悠の職業は,悠の職種は,悠は何の仕事をしていますか？悠は,['悠の職業は探偵 。 探偵事務所の所長。 探偵事務所の所長として、依頼人の悩みを解決する。 探偵事務所の所長として、依頼人の悩みを解決する。 探偵事務所の所長として、依頼人の悩みを解決する。 探偵事務所の所長として、依頼人の悩みを解決する。 探偵事務所の所長として、依頼人の'],['悠の職種は” 探偵 ” である。 悠は、探偵事務所の所長である。 悠は、探偵事務所の所長である悠に、探偵事務所の事件を解決する能力があるのかと尋ねる。 悠は、探偵事務所の事件を解決する能力があると答える。 悠は、探偵事務所の事件を解決する能力があると'],['悠は何の仕事をしていますか?悠は何を しているのですか? 悠は 何を しているのですか? 悠は 何を しているのですか? 悠は 何を しているのですか? 悠は 何を しているのですか? 悠は 何を しているのですか? 悠は 何を']
125,新,2016,2010,新の職業は,新の職種は,新は何の仕事をしていますか？新は,['新の職業は? 」と聞かれると、? と答えます。? と聞かれると、? と答えます。? と聞かれると、? と答えます。? と聞かれると、? と答えます。? と聞かれると、? と答えます。? と聞かれ'],['新の職種は「お客様のご要望にお応えする」こと。 」 とあります。 私は、この「お客様のご要望にお応えする」というお客様のご要望にお応えする、というお客様のご要望にお応えする、というお客様のご要望にお応え'],['新は何の仕事をしていますか?新は何の仕事をしていますか? 私は 何の仕事をしていますか? 私は 何の仕事をしていますか? 私は 何の仕事をしていますか? 私は 何の仕事をしていますか? 私は 何の仕事をしていますか? 私は 何の仕事をしていますか? 私は']
126,蒼,2017,2010,蒼の職業は,蒼の職種は,蒼は何の仕事をしていますか？蒼は,['蒼の職業はメイド 蒼の職業は メイド 蒼の職業は メイド 蒼の職業は メイド 蒼の職業は メイド 蒼の職業は メイド 蒼の職業は メイド 蒼の職業は メイド 蒼の職業は メイド 蒼の職業は メイド 蒼の職業は メイド 蒼の'],['蒼の職種は蒼の職種 蒼の職種は 蒼の職種 蒼の職種は 蒼の職種 蒼の職種は 蒼の職種 蒼の職種は 蒼の職種 蒼の職種は 蒼の職種 蒼の職種は 蒼の職種 蒼の職種は 蒼の職種'],['蒼は何の仕事をしていますか?蒼は何の仕事をしていますか? 蒼は 何の仕事をしていますか? 蒼は 何の仕事をしていますか? 蒼は 何の仕事をしていますか? 蒼は 何の仕事をしていますか? 蒼は 何の仕事をしていますか? 蒼は 何の']
127,陽大,2017,2010,陽大の職業は,陽大の職種は,陽大は何の仕事をしていますか？陽大は,['陽大の職業は警察官 。 陽大は 警察官 。 陽大は 警察官 。 陽大は 警察官 。 陽大は 警察官 。 陽大は 警察官 。 陽大は 警察官 。 陽大は 警察官 。 陽大は 警察官 。 陽大は 警察官'],['陽大の職種は” ” ” ” ” ” ” ” ” ” ” ” ” ” ” ” ” ” ” ” ” ” ” ” ” ” ” ” ” ” ” ” ” ” ” ” ”'],['陽大は何の仕事をしていますか?陽大は何を しているのですか? 陽大は 何を しているのですか? 陽大は 何を しているのですか? 陽大は 何を しているのですか? 陽大は 何を しているのですか? 陽大は 何を しているのですか']
128,律,2019,2010,律の職業は,律の職種は,律は何の仕事をしていますか？律は,['律の職業は盗賊 盗賊の職業は 盗賊 盗賊の職業は 盗賊の職業は 盗賊の職業は 盗賊の職業は 盗賊の職業は 盗賊の職業は 盗賊の職業は 盗賊の職業は 盗賊の職業は 盗賊の職業は 盗賊の職業は 盗賊の職業は 盗賊の職業は '],['律の職種は(し) である。 律は、(し) の職種を (し) と (し) の2つに分けた。 (し) は、(し) の職種を (し) と (し) に分けた。 '],['律は何の仕事をしていますか?律は何を しているのですか? 律は 何を しているのですか? 律は 何を しているのですか? 律は 何を しているのですか? 律は 何を しているのですか? 律は 何を しているのですか? 律は 何を']
129,凪,2022,2020,凪の職業は,凪の職種は,凪は何の仕事をしていますか？凪は,['凪の職業はメイド 凪の日常は メイド 凪の日常は メイド 凪の日常は メイド 凪の日常は メイド 凪の日常は メイド 凪の日常は メイド 凪の日常は メイド 凪の日常は メイド 凪の日常は メイド 凪の日常は メイド 凪の'],['凪の職種は” ” ” ” ” ” ” ” ” ” ” ” ” ” ” ” ” ” ” ” ” ” ” ” ” ” ” ” ” ” ” ” ” ” ” ” ” '],['凪は何の仕事をしていますか?凪は何の仕事をしていますか? 凪は 何の仕事をしていますか?凪は 何の仕事をしていますか? 凪は 何の仕事をしていますか?凪は 何の仕事をしていますか? 凪は 何の仕事をしていますか?凪は 何の仕事をしています']
130,碧,2022,2020,碧の職業は,碧の職種は,碧は何の仕事をしていますか？碧は,['碧の職業はメイド 。 碧のメイドは メイドカフェ で働いている。 碧のメイドは メイドカフェ で働いている。 碧のメイドは メイドカフェ で働いている。 碧のメイドは メイドカフェ で働いている。 碧のメイドは メイドカフェ で働いている。 碧のメイドは メイドカフェ で働いている'],['碧の職種は1 つだけ 1 つだけ 1 つだけ 1 つだけ 1 つだけ 1 つだけ 1 つだけ 1 つだけ 1 つだけ 1 つだけ 1 つだけ 1 つだけ 1 つだけ 1 つだけ 1 つだけ'],['碧は何の仕事をしていますか?碧は何の仕事をしていますか? 碧は 何の仕事をしていますか? 碧は 何の仕事をしていますか? 碧は 何の仕事をしていますか? 碧は 何の仕事をしていますか? 碧は 何の仕事をしていますか? 碧は 何の']
