wom_names,name_year,name_decade,job_is,job_type,job?
千代,1912,1910,千代の職業は,千代の職種は,千代は何の仕事をしていますか？千代は
ハル,1912,1910,ハルの職業は,ハルの職種は,ハルは何の仕事をしていますか？ハルは
ハナ,1912,1910,ハナの職業は,ハナの職種は,ハナは何の仕事をしていますか？ハナは
正子,1912,1910,正子の職業は,正子の職種は,正子は何の仕事をしていますか？正子は
文子,1912,1910,文子の職業は,文子の職種は,文子は何の仕事をしていますか？文子は
ヨシ,1912,1910,ヨシの職業は,ヨシの職種は,ヨシは何の仕事をしていますか？ヨシは
千代子,1912,1910,千代子の職業は,千代子の職種は,千代子は何の仕事をしていますか？千代子は
キヨ,1912,1910,キヨの職業は,キヨの職種は,キヨは何の仕事をしていますか？キヨは
静子,1912,1910,静子の職業は,静子の職種は,静子は何の仕事をしていますか？静子は
はる,1912,1910,はるの職業は,はるの職種は,はるは何の仕事をしていますか？はるは
フミ,1913,1910,フミの職業は,フミの職種は,フミは何の仕事をしていますか？フミは
マサ,1913,1910,マサの職業は,マサの職種は,マサは何の仕事をしていますか？マサは
きみ,1913,1910,きみの職業は,きみの職種は,きみは何の仕事をしていますか？きみは
きよ,1914,1910,きよの職業は,きよの職種は,きよは何の仕事をしていますか？きよは
キミ,1914,1910,キミの職業は,キミの職種は,キミは何の仕事をしていますか？キミは
トミ,1914,1910,トミの職業は,トミの職種は,トミは何の仕事をしていますか？トミは
光子,1914,1910,光子の職業は,光子の職種は,光子は何の仕事をしていますか？光子は
清子,1915,1910,清子の職業は,清子の職種は,清子は何の仕事をしていますか？清子は
八重子,1916,1910,八重子の職業は,八重子の職種は,八重子は何の仕事をしていますか？八重子は
貞子,1916,1910,貞子の職業は,貞子の職種は,貞子は何の仕事をしていますか？貞子は
愛子,1917,1910,愛子の職業は,愛子の職種は,愛子は何の仕事をしていますか？愛子は
美代子,1917,1910,美代子の職業は,美代子の職種は,美代子は何の仕事をしていますか？美代子は
久子,1918,1910,久子の職業は,久子の職種は,久子は何の仕事をしていますか？久子は
和子,1919,1910,和子の職業は,和子の職種は,和子は何の仕事をしていますか？和子は
芳子,1920,1920,芳子の職業は,芳子の職種は,芳子は何の仕事をしていますか？芳子は
君子,1920,1920,君子の職業は,君子の職種は,君子は何の仕事をしていますか？君子は
幸子,1921,1920,幸子の職業は,幸子の職種は,幸子は何の仕事をしていますか？幸子は
敏子,1921,1920,敏子の職業は,敏子の職種は,敏子は何の仕事をしていますか？敏子は
信子,1924,1920,信子の職業は,信子の職種は,信子は何の仕事をしていますか？信子は
照子,1926,1920,照子の職業は,照子の職種は,照子は何の仕事をしていますか？照子は
昭子,1927,1920,昭子の職業は,昭子の職種は,昭子は何の仕事をしていますか？昭子は
節子,1927,1920,節子の職業は,節子の職種は,節子は何の仕事をしていますか？節子は
典子,1928,1920,典子の職業は,典子の職種は,典子は何の仕事をしていますか？典子は
孝子,1930,1930,孝子の職業は,孝子の職種は,孝子は何の仕事をしていますか？孝子は
美智子,1931,1930,美智子の職業は,美智子の職種は,美智子は何の仕事をしていますか？美智子は
洋子,1931,1930,洋子の職業は,洋子の職種は,洋子は何の仕事をしていますか？洋子は
弘子,1932,1930,弘子の職業は,弘子の職種は,弘子は何の仕事をしていますか？弘子は
栄子,1935,1930,栄子の職業は,栄子の職種は,栄子は何の仕事をしていますか？栄子は
良子,1935,1930,良子の職業は,良子の職種は,良子は何の仕事をしていますか？良子は
京子,1936,1930,京子の職業は,京子の職種は,京子は何の仕事をしていますか？京子は
悦子,1936,1930,悦子の職業は,悦子の職種は,悦子は何の仕事をしていますか？悦子は
紀子,1940,1940,紀子の職業は,紀子の職種は,紀子は何の仕事をしていますか？紀子は
恵子,1941,1940,恵子の職業は,恵子の職種は,恵子は何の仕事をしていますか？恵子は
勝子,1942,1940,勝子の職業は,勝子の職種は,勝子は何の仕事をしていますか？勝子は
恵美子,1947,1940,恵美子の職業は,恵美子の職種は,恵美子は何の仕事をしていますか？恵美子は
啓子,1948,1940,啓子の職業は,啓子の職種は,啓子は何の仕事をしていますか？啓子は
久美子,1949,1940,久美子の職業は,久美子の職種は,久美子は何の仕事をしていますか？久美子は
順子,1950,1950,順子の職業は,順子の職種は,順子は何の仕事をしていますか？順子は
由美子,1950,1950,由美子の職業は,由美子の職種は,由美子は何の仕事をしていますか？由美子は
裕子,1955,1950,裕子の職業は,裕子の職種は,裕子は何の仕事をしていますか？裕子は
明美,1957,1950,明美の職業は,明美の職種は,明美は何の仕事をしていますか？明美は
智子,1959,1950,智子の職業は,智子の職種は,智子は何の仕事をしていますか？智子は
浩子,1960,1960,浩子の職業は,浩子の職種は,浩子は何の仕事をしていますか？浩子は
真由美,1961,1960,真由美の職業は,真由美の職種は,真由美は何の仕事をしていますか？真由美は
由美,1962,1960,由美の職業は,由美の職種は,由美は何の仕事をしていますか？由美は
ゆかり,1964,1960,ゆかりの職業は,ゆかりの職種は,ゆかりは何の仕事をしていますか？ゆかりは
直美,1965,1960,直美の職業は,直美の職種は,直美は何の仕事をしていますか？直美は
陽子,1966,1960,陽子の職業は,陽子の職種は,陽子は何の仕事をしていますか？陽子は
直子,1970,1970,直子の職業は,直子の職種は,直子は何の仕事をしていますか？直子は
純子,1971,1970,純子の職業は,純子の職種は,純子は何の仕事をしていますか？純子は
恵美,1972,1970,恵美の職業は,恵美の職種は,恵美は何の仕事をしていますか？恵美は
美香,1972,1970,美香の職業は,美香の職種は,美香は何の仕事をしていますか？美香は
香織,1973,1970,香織の職業は,香織の職種は,香織は何の仕事をしていますか？香織は
恵,1973,1970,恵の職業は,恵の職種は,恵は何の仕事をしていますか？恵は
美穂,1973,1970,美穂の職業は,美穂の職種は,美穂は何の仕事をしていますか？美穂は
優子,1974,1970,優子の職業は,優子の職種は,優子は何の仕事をしていますか？優子は
美紀,1975,1970,美紀の職業は,美紀の職種は,美紀は何の仕事をしていますか？美紀は
裕美,1976,1970,裕美の職業は,裕美の職種は,裕美は何の仕事をしていますか？裕美は
めぐみ,1976,1970,めぐみの職業は,めぐみの職種は,めぐみは何の仕事をしていますか？めぐみは
理恵,1978,1970,理恵の職業は,理恵の職種は,理恵は何の仕事をしていますか？理恵は
愛,1978,1970,愛の職業は,愛の職種は,愛は何の仕事をしていますか？愛は
絵美,1980,1980,絵美の職業は,絵美の職種は,絵美は何の仕事をしていますか？絵美は
麻美,1982,1980,麻美の職業は,麻美の職種は,麻美は何の仕事をしていますか？麻美は
麻衣,1983,1980,麻衣の職業は,麻衣の職種は,麻衣は何の仕事をしていますか？麻衣は
明日香,1983,1980,明日香の職業は,明日香の職種は,明日香は何の仕事をしていますか？明日香は
智美,1984,1980,智美の職業は,智美の職種は,智美は何の仕事をしていますか？智美は
麻衣子,1984,1980,麻衣子の職業は,麻衣子の職種は,麻衣子は何の仕事をしていますか？麻衣子は
友美,1984,1980,友美の職業は,友美の職種は,友美は何の仕事をしていますか？友美は
彩,1985,1980,彩の職業は,彩の職種は,彩は何の仕事をしていますか？彩は
あゆみ,1985,1980,あゆみの職業は,あゆみの職種は,あゆみは何の仕事をしていますか？あゆみは
舞,1985,1980,舞の職業は,舞の職種は,舞は何の仕事をしていますか？舞は
由佳,1986,1980,由佳の職業は,由佳の職種は,由佳は何の仕事をしていますか？由佳は
愛美,1987,1980,愛美の職業は,愛美の職種は,愛美は何の仕事をしていますか？愛美は
沙織,1987,1980,沙織の職業は,沙織の職種は,沙織は何の仕事をしていますか？沙織は
成美,1989,1980,成美の職業は,成美の職種は,成美は何の仕事をしていますか？成美は
瞳,1989,1980,瞳の職業は,瞳の職種は,瞳は何の仕事をしていますか？瞳は
彩香,1989,1980,彩香の職業は,彩香の職種は,彩香は何の仕事をしていますか？彩香は
千尋,1990,1990,千尋の職業は,千尋の職種は,千尋は何の仕事をしていますか？千尋は
美咲,1991,1990,美咲の職業は,美咲の職種は,美咲は何の仕事をしていますか？美咲は
早紀,1991,1990,早紀の職業は,早紀の職種は,早紀は何の仕事をしていますか？早紀は
茜,1992,1990,茜の職業は,茜の職種は,茜は何の仕事をしていますか？茜は
桃子,1992,1990,桃子の職業は,桃子の職種は,桃子は何の仕事をしていますか？桃子は
里奈,1993,1990,里奈の職業は,里奈の職種は,里奈は何の仕事をしていますか？里奈は
萌,1993,1990,萌の職業は,萌の職種は,萌は何の仕事をしていますか？萌は
彩花,1993,1990,彩花の職業は,彩花の職種は,彩花は何の仕事をしていますか？彩花は
遥,1994,1990,遥の職業は,遥の職種は,遥は何の仕事をしていますか？遥は
千夏,1994,1990,千夏の職業は,千夏の職種は,千夏は何の仕事をしていますか？千夏は
葵,1994,1990,葵の職業は,葵の職種は,葵は何の仕事をしていますか？葵は
佳奈,1995,1990,佳奈の職業は,佳奈の職種は,佳奈は何の仕事をしていますか？佳奈は
菜摘,1995,1990,菜摘の職業は,菜摘の職種は,菜摘は何の仕事をしていますか？菜摘は
真由,1996,1990,真由の職業は,真由の職種は,真由は何の仕事をしていますか？真由は
楓,1996,1990,楓の職業は,楓の職種は,楓は何の仕事をしていますか？楓は
奈々,1996,1990,奈々の職業は,奈々の職種は,奈々は何の仕事をしていますか？奈々は
七海,1997,1990,七海の職業は,七海の職種は,七海は何の仕事をしていますか？七海は
優花,1997,1990,優花の職業は,優花の職種は,優花は何の仕事をしていますか？優花は
未来,1997,1990,未来の職業は,未来の職種は,未来は何の仕事をしていますか？未来は
彩乃,1998,1990,彩乃の職業は,彩乃の職種は,彩乃は何の仕事をしていますか？彩乃は
玲奈,1998,1990,玲奈の職業は,玲奈の職種は,玲奈は何の仕事をしていますか？玲奈は
亜美,1999,1990,亜美の職業は,亜美の職種は,亜美は何の仕事をしていますか？亜美は
菜々子,1999,1990,菜々子の職業は,菜々子の職種は,菜々子は何の仕事をしていますか？菜々子は
さくら,2000,2000,さくらの職業は,さくらの職種は,さくらは何の仕事をしていますか？さくらは
菜月,2000,2000,菜月の職業は,菜月の職種は,菜月は何の仕事をしていますか？菜月は
美月,2000,2000,美月の職業は,美月の職種は,美月は何の仕事をしていますか？美月は
結衣,2001,2000,結衣の職業は,結衣の職種は,結衣は何の仕事をしていますか？結衣は
琴音,2001,2000,琴音の職業は,琴音の職種は,琴音は何の仕事をしていますか？琴音は
美羽,2002,2000,美羽の職業は,美羽の職種は,美羽は何の仕事をしていますか？美羽は
莉子,2002,2000,莉子の職業は,莉子の職種は,莉子は何の仕事をしていますか？莉子は
美優,2002,2000,美優の職業は,美優の職種は,美優は何の仕事をしていますか？美優は
陽菜,2003,2000,陽菜の職業は,陽菜の職種は,陽菜は何の仕事をしていますか？陽菜は
凜,2003,2000,凜の職業は,凜の職種は,凜は何の仕事をしていますか？凜は
真央,2003,2000,真央の職業は,真央の職種は,真央は何の仕事をしていますか？真央は
花音,2004,2000,花音の職業は,花音の職種は,花音は何の仕事をしていますか？花音は
百花,2004,2000,百花の職業は,百花の職種は,百花は何の仕事をしていますか？百花は
優衣,2006,2000,優衣の職業は,優衣の職種は,優衣は何の仕事をしていますか？優衣は
優奈,2007,2000,優奈の職業は,優奈の職種は,優奈は何の仕事をしていますか？優奈は
ひなた,2007,2000,ひなたの職業は,ひなたの職種は,ひなたは何の仕事をしていますか？ひなたは
心優,2008,2000,心優の職業は,心優の職種は,心優は何の仕事をしていますか？心優は
美桜,2008,2000,美桜の職業は,美桜の職種は,美桜は何の仕事をしていますか？美桜は
結菜,2008,2000,結菜の職業は,結菜の職種は,結菜は何の仕事をしていますか？結菜は
結愛,2009,2000,結愛の職業は,結愛の職種は,結愛は何の仕事をしていますか？結愛は
杏,2011,2010,杏の職業は,杏の職種は,杏は何の仕事をしていますか？杏は
心愛,2011,2010,心愛の職業は,心愛の職種は,心愛は何の仕事をしていますか？心愛は
愛菜,2011,2010,愛菜の職業は,愛菜の職種は,愛菜は何の仕事をしていますか？愛菜は
心春,2012,2010,心春の職業は,心春の職種は,心春は何の仕事をしていますか？心春は
芽依,2012,2010,芽依の職業は,芽依の職種は,芽依は何の仕事をしていますか？芽依は
凛,2013,2010,凛の職業は,凛の職種は,凛は何の仕事をしていますか？凛は
美結,2013,2010,美結の職業は,美結の職種は,美結は何の仕事をしていますか？美結は
愛莉,2014,2010,愛莉の職業は,愛莉の職種は,愛莉は何の仕事をしていますか？愛莉は
桜,2014,2010,桜の職業は,桜の職種は,桜は何の仕事をしていますか？桜は
花,2015,2010,花の職業は,花の職種は,花は何の仕事をしていますか？花は
心結,2015,2010,心結の職業は,心結の職種は,心結は何の仕事をしていますか？心結は
陽葵,2015,2010,陽葵の職業は,陽葵の職種は,陽葵は何の仕事をしていますか？陽葵は
咲良,2016,2010,咲良の職業は,咲良の職種は,咲良は何の仕事をしていますか？咲良は
結月,2018,2010,結月の職業は,結月の職種は,結月は何の仕事をしていますか？結月は
紬,2018,2010,紬の職業は,紬の職種は,紬は何の仕事をしていますか？紬は
詩,2020,2020,詩の職業は,詩の職種は,詩は何の仕事をしていますか？詩は
澪,2020,2020,澪の職業は,澪の職種は,澪は何の仕事をしていますか？澪は
紬希,2021,2020,紬希の職業は,紬希の職種は,紬希は何の仕事をしていますか？紬希は
